Split,samples,benchmark_mean_raw_return,equal_weight_mean_raw_return,restricted_random_mean_raw_return,policy_mean_raw_return,policy_mean_excess_return,policy_mean_excess_vs_equal_weight,policy_mean_excess_vs_restricted_random,t_statistic,p_value,significant_outperformance,equal_weight_t_statistic,equal_weight_p_value,equal_weight_significant_outperformance,restricted_random_t_statistic,restricted_random_p_value,restricted_random_significant_outperformance
train,1440,0.0006749174208380282,0.0005985188763588667,0.0006190782878547907,0.000598482321947813,-7.643509161425754e-05,-3.6549237039354115e-08,-2.059592968887753e-05,-1.34991794287567,0.9113726979465955,False,-1.3114981448236034,0.9050506350059531,False,-0.49932734759700775,0.6911874390299649,False
validation,360,0.0005946859600953758,0.0007795037236064672,0.0008003345574252307,0.000779584574047476,0.0001848985702963546,8.079740736219618e-08,-2.0750032530890572e-05,1.2085911735847743,0.11380769811211822,False,0.7355529876271577,0.2312415282432962,False,-0.24765017029108158,0.5977266659308675,False
all,1800,0.0006588711403310299,0.0006347158341668546,0.00065532949520275,0.00063470279565081,-2.4168359232135117e-05,-1.3079908159044054e-08,-2.062675025728014e-05,-0.44185751611402385,0.6706772888431716,False,-0.417869709518528,0.6619538752912437,False,-0.5575002276030259,0.7113724687324892,False
