Split,samples,demo_mean_training_reward,policy_mean_excess_return,policy_mean_training_reward,demo_mean_raw_return,demo_mean_excess_return,demo_mean_excess_vs_equal_weight,demo_mean_excess_vs_restricted_random,policy_mean_raw_return,policy_mean_excess_vs_equal_weight,policy_mean_excess_vs_restricted_random,mean_abs_weight_error
train,1440.0,0.00599264120683074,-7.643509161425754e-05,2.514404695830308e-05,0.00656597875058651,0.005891061387956142,0.005967460107058287,0.005946900229901075,0.000598482321947813,-3.65492383025412e-08,-2.0595929527189583e-05,0.13535656034946442
validation,360.0,0.00714359525591135,0.0001848985702963546,0.00014779211778659374,0.007775387726724148,0.0071807014755904675,0.00699588330462575,0.0069750528782606125,0.000779584574047476,8.07974060990091e-08,-2.0750032490468584e-05,0.13932527601718903
all,1800.0,0.006222831550985575,-2.4168359232135117e-05,4.967366112396121e-05,0.00680786045268178,0.00614898931235075,0.006173144560307264,0.006152531132102013,0.00063470279565081,-1.3079907823509984e-08,-2.0626750483643264e-05,0.1361503005027771
