Split,benchmark_component,equal_weight_component,restricted_random_component,raw_return_component,significance_component,significance_bonus,weight_error_penalty,composite_score
train,-0.2293008093620144,-7.309847407838274e-05,-0.030893850850214455,0.5977687940517371,-5.061506503170565,0.0,8.121393620967865,-12.845399088773
validation,0.5546325073679867,0.00016159481472087598,-0.031125004125343317,0.7780090900571488,2.7944704163227305,0.0,8.359516561031342,-4.263367956594098
all,-0.07250493652703165,-2.6159816318073184e-05,-0.030940081506417586,0.6338518717200561,-2.3427138241706555,0.0,8.169018030166626,-9.981351160466993
