Split,samples,benchmark_mean_raw_return,equal_weight_mean_raw_return,restricted_random_mean_raw_return,policy_mean_raw_return,policy_mean_excess_return,policy_mean_excess_vs_equal_weight,policy_mean_excess_vs_restricted_random,t_statistic,p_value,significant_outperformance,equal_weight_t_statistic,equal_weight_p_value,equal_weight_significant_outperformance,restricted_random_t_statistic,restricted_random_p_value,restricted_random_significant_outperformance
train,2,-0.02901071310043335,-0.031926482915878296,-0.04022949934005737,0.11959832906723022,0.14860904216766357,0.15152481198310852,0.1598278284072876,2.279351641922036,0.13160045746098215,False,4.571091425802339,0.06855538599109445,False,4.563265375582859,0.06866934807918913,False
validation,1,0.013654470443725586,0.024711251258850098,0.019141674041748047,0.20841610431671143,0.19476163387298584,0.18370485305786133,0.18927443027496338,,,False,,,False,,,False
all,3,-0.014788985252380371,-0.013047237880527973,-0.020439108833670616,0.14920425415039062,0.163993239402771,0.16225149234135947,0.16964336236317953,4.032840432320421,0.028170111341226666,True,7.395448960914169,0.008898669349110159,True,7.547096855154946,0.008553682290538017,True
