Split,samples,benchmark_mean_raw_return,equal_weight_mean_raw_return,restricted_random_mean_raw_return,policy_mean_raw_return,policy_mean_excess_return,policy_mean_excess_vs_equal_weight,policy_mean_excess_vs_restricted_random,t_statistic,p_value,significant_outperformance,equal_weight_t_statistic,equal_weight_p_value,equal_weight_significant_outperformance,restricted_random_t_statistic,restricted_random_p_value,restricted_random_significant_outperformance
train,336,0.013253734447062016,0.0121260741725564,0.012143311090767384,0.017976883798837662,0.004723150748759508,0.005850810025419507,0.005833572752418972,1.7563262756573759,0.03997320893790227,True,2.4636724203789653,0.0071270701930837635,True,2.4586387980964344,0.0072259265248128335,True
validation,84,0.007195405196398497,0.012705144472420216,0.013650587759912014,0.03131706267595291,0.024121662601828575,0.01861192144098736,0.017666477532613845,4.248605851226436,2.7955236239658643e-05,True,3.9602584185971987,7.87440802596124e-05,True,3.8031322642118415,0.00013598741806421601,True
all,420,0.01204206794500351,0.012241887860000134,0.012444766238331795,0.02064491994678974,0.008602852933108807,0.008403032308533079,0.008200153708457947,3.4985891345172972,0.00025890693858891687,True,3.941756918413062,4.7384599477626975e-05,True,3.861656096923738,6.52092698776554e-05,True
