Split,samples,demo_mean_training_reward,policy_mean_excess_return,policy_mean_training_reward,demo_mean_raw_return,demo_mean_excess_return,demo_mean_excess_vs_equal_weight,demo_mean_excess_vs_restricted_random,policy_mean_raw_return,policy_mean_excess_vs_equal_weight,policy_mean_excess_vs_restricted_random,mean_abs_weight_error
train,336.0,0.028579674661159515,0.004723150748759508,0.006608906202018261,0.03994765132665634,0.0266939178109169,0.027821574360132217,0.027804341167211533,0.017976883798837662,0.0058508096262812614,0.005833572708070278,0.14338833093643188
validation,84.0,0.03649367392063141,0.024121662601828575,0.021897241473197937,0.04591349884867668,0.0387180931866169,0.03320835158228874,0.032262906432151794,0.03131706267595291,0.01861192286014557,0.01766647771000862,0.13524962961673737
all,420.0,0.030162470415234566,0.008602852933108807,0.009666573256254196,0.04114082083106041,0.02909875102341175,0.02889893390238285,0.028696052730083466,0.02064491994678974,0.008403032086789608,0.008200153708457947,0.14176058769226074
