Split,benchmark_component,equal_weight_component,restricted_random_component,raw_return_component,significance_component,significance_bonus,weight_error_penalty,composite_score
train,13.202038595266163,10.526971906357218,7.876519258556851,9.465661005675615,9.455920197767256,10.0,8.603299856185913,51.92381110743719
validation,29.521925063201067,19.055777527708063,14.148612736661166,9.961977727960589,13.055777745644233,10.0,8.114977777004242,87.62909302417087
all,20.892139014270697,13.71939279765324,10.126173612089328,9.683117021119902,12.748439417316057,10.0,8.505635261535645,68.66362660091357
