Split,samples,benchmark_mean_raw_return,equal_weight_mean_raw_return,restricted_random_mean_raw_return,policy_mean_raw_return,policy_mean_excess_return,policy_mean_excess_vs_equal_weight,policy_mean_excess_vs_restricted_random,t_statistic,p_value,significant_outperformance,equal_weight_t_statistic,equal_weight_p_value,equal_weight_significant_outperformance,restricted_random_t_statistic,restricted_random_p_value,restricted_random_significant_outperformance
train,1360,0.002782725263386965,0.0025093189906328917,0.0023120378609746695,0.0038623358123004436,0.0010796105489134789,0.0013530168463202084,0.0015502979650216945,2.808516711229199,0.0025241255678371244,True,4.130278073903834,1.9221183903632348e-05,True,4.634471508525538,1.9610598172974005e-06,True
validation,340,0.002360426587983966,0.0031370450742542744,0.002814284060150385,0.004652871750295162,0.0022924451623111963,0.0015158267582164092,0.0018385878380607157,2.913980184241899,0.0019027748729326715,True,2.4979522706791704,0.006482293012187634,True,2.9873844641937914,0.0015094083473742364,True
all,1700,0.0026982654817402363,0.002634864067658782,0.00241248682141304,0.004020443186163902,0.0013221774715930223,0.0013855788286994486,0.0016079559396294987,3.826470908293368,6.734978042828243e-05,True,4.798819030769616,8.679135282358537e-07,True,5.459998751123485,2.7325477178686846e-08,True
