Split,benchmark_component,equal_weight_component,restricted_random_component,raw_return_component,significance_component,significance_bonus,weight_error_penalty,composite_score
train,3.2263065412544214,2.689641009578321,2.306994211253049,3.681086974295653,12.87080737958609,10.0,9.250679612159729,25.524156503807802
validation,6.759340289413237,3.008645215702675,2.727220421616032,4.343835882782238,10.981635111740555,10.0,9.154721796512604,28.665955124742133
all,3.9435792156116105,2.75355896436857,2.391359634536216,3.8169680050945702,13.743479024322777,10.0,9.231488406658173,27.417456437275575
