Split,samples,benchmark_mean_raw_return,policy_mean_raw_return,policy_mean_excess_return,t_statistic,p_value,significant_outperformance
train,204,0.0044954498298466206,0.008329721167683601,0.003834271337836981,1.378780550244059,0.08473990931218518,False
validation,52,0.007810498587787151,0.010328610427677631,0.0025181116070598364,0.6035993073231668,0.27439272802328585,False
all,256,0.00516881886869669,0.009972456842660904,0.004803637508302927,2.869566622235477,0.0022274465256207593,True
