Split,samples,benchmark_mean_raw_return,policy_mean_raw_return,policy_mean_excess_return,t_statistic,p_value,significant_outperformance
train,204,0.0063964021392166615,0.004678364377468824,-0.001718037878163159,-0.7597908586486044,0.7758694694435546,False
validation,52,-0.008272363804280758,-0.010399757884442806,-0.0021273940801620483,-0.5267655688779387,0.6996799114829491,False
all,256,0.00341680902056396,0.004890005104243755,0.0014731960836797953,3.867526801469333,6.981373830705142e-05,True
