Split,samples,benchmark_mean_raw_return,equal_weight_mean_raw_return,restricted_random_mean_raw_return,policy_mean_raw_return,policy_mean_excess_return,policy_mean_excess_vs_equal_weight,policy_mean_excess_vs_restricted_random,t_statistic,p_value,significant_outperformance,equal_weight_t_statistic,equal_weight_p_value,equal_weight_significant_outperformance,restricted_random_t_statistic,restricted_random_p_value,restricted_random_significant_outperformance
train,35,0.004415331408381462,0.0050690448842942715,0.004894275218248367,0.11995767802000046,0.11554232984781265,0.11488861697060722,0.11506338630403791,12.620129967681017,1.1012544073568302e-14,True,12.896632243964754,5.965489106404657e-15,True,12.816618218135206,7.116990882726396e-15,True
validation,9,-0.004703064914792776,-0.002381265163421631,-0.001958992797881365,0.14194925129413605,0.14665232598781586,0.14433052142461142,0.143908249007331,9.358183442267148,6.948402410012839e-06,True,9.853358966340979,4.738454873143436e-06,True,9.295220814231753,7.303973215582385e-06,True
all,44,0.0025502049829810858,0.003545117564499378,0.003492470597848296,0.12445595115423203,0.12190571427345276,0.12091082469983534,0.12096347185698422,15.036536578607818,4.944894750352819e-19,True,15.435618312065333,1.9044109051936153e-19,True,15.244401892274299,3.0017403842699283e-19,True
