Split,samples,benchmark_mean_raw_return,equal_weight_mean_raw_return,restricted_random_mean_raw_return,markowitz_mean_raw_return,policy_mean_raw_return,policy_mean_excess_return,policy_mean_excess_vs_equal_weight,policy_mean_excess_vs_restricted_random,policy_mean_excess_vs_markowitz,t_statistic,p_value,significant_outperformance,equal_weight_t_statistic,equal_weight_p_value,equal_weight_significant_outperformance,restricted_random_t_statistic,restricted_random_p_value,restricted_random_significant_outperformance,markowitz_t_statistic,markowitz_p_value,markowitz_significant_outperformance
train,708,0.0007033765432424843,0.001123858499340713,0.0011286159278824925,0.0017487137811258435,0.0014729604590684175,0.0007695839158259332,0.00034910196301627294,0.0003443445357899208,-0.0002757533121917207,4.373440160480065,7.0353845884678544e-06,True,2.0975871739321854,0.018148054747502574,True,1.9243021593829057,0.027358889708563556,True,-0.9408505946620944,0.8264486125577225,False
validation,177,0.0010003558127209544,0.0004930620780214667,0.0004064208478666842,-0.0018486306071281433,0.0012704372638836503,0.0002700814511626959,0.0007773752266404319,0.0008640164709360586,0.003119067957172286,3.47492436431364,0.00032171300519802474,True,3.6379741369828533,0.00018041191868725992,True,3.363548039624966,0.0004721383980708031,True,5.667914783352598,2.906244669249366e-08,True
all,885,0.0007627723971381783,0.0009976992150768638,0.0009841769933700562,0.0010292449733242393,0.0014324558433145285,0.0006696834461763501,0.0004347566157411047,0.00044827892281914833,0.00040321094168108064,4.723882931678673,1.3451668585933732e-06,True,3.1074879891441123,0.0009735785387845443,True,2.945366369460166,0.0016551606251970948,True,1.5338225686052855,0.06271555230091397,False
