Split,samples,benchmark_mean_raw_return,policy_mean_raw_return,policy_mean_excess_return,t_statistic,p_value,significant_outperformance
train,204,0.0028800435829907656,0.005891908425837755,0.0030118648428469896,1.077746570324816,0.14121294757190955,False
validation,52,-0.002368713729083538,0.0037771565839648247,0.006145870313048363,1.231482670496535,0.1118954367800288,False
all,256,0.0018138897139579058,0.005376878194510937,0.0035629887133836746,1.5101067859562607,0.0661271438883991,False
