Split,samples,benchmark_mean_raw_return,policy_mean_raw_return,policy_mean_excess_return,t_statistic,p_value,significant_outperformance
train,204,0.0044954498298466206,0.008692003786563873,0.004196554888039827,1.495432874796558,0.06817723078685774,False
validation,52,0.007810498587787151,0.007265228312462568,-0.0005452701589092612,-0.11894123589112286,0.5471054081416737,False
all,256,0.00516881886869669,0.010752739384770393,0.005583920516073704,2.717345926947845,0.003515844722500698,True
