Split,samples,benchmark_mean_raw_return,equal_weight_mean_raw_return,restricted_random_mean_raw_return,markowitz_mean_raw_return,policy_mean_raw_return,policy_mean_excess_return,policy_mean_excess_vs_equal_weight,policy_mean_excess_vs_restricted_random,policy_mean_excess_vs_markowitz,t_statistic,p_value,significant_outperformance,equal_weight_t_statistic,equal_weight_p_value,equal_weight_significant_outperformance,restricted_random_t_statistic,restricted_random_p_value,restricted_random_significant_outperformance,markowitz_t_statistic,markowitz_p_value,markowitz_significant_outperformance
train,72,0.00527396472170949,0.00888540968298912,0.007872018963098526,0.01373274251818657,0.03999516740441322,0.03472120314836502,0.031109755237897236,0.03212314678563012,0.026262422402699787,11.347947205988145,6.550506351230772e-18,True,12.208046145337129,2.0733770752368644e-19,True,12.009242526201133,4.570866157881763e-19,True,13.385316218062622,2.1204851662538296e-21,True
validation,18,0.006244676187634468,0.0046138763427734375,0.0037533144932240248,-0.004350056406110525,0.01815139502286911,0.011906719766557217,0.01353751950793796,0.014398081435097588,0.022501452101601496,2.5629896866481614,0.010081621516521566,True,4.51164420353951,0.00015399340995540166,True,5.089095211478493,4.5490354887184235e-05,True,8.616483947931696,6.547283101195811e-08,True
all,90,0.0054681068286299706,0.008031103760004044,0.007048277650028467,0.010116183198988438,0.03562641143798828,0.030158305540680885,0.02759530809190538,0.028578133715523615,0.02551022834248013,10.843772943575084,2.9482119564602253e-18,True,12.287729080012916,3.566537951812323e-21,True,12.256280494907777,4.120073470917652e-21,True,15.403539545252645,3.8558478688238295e-27,True
