Split,samples,benchmark_mean_raw_return,equal_weight_mean_raw_return,restricted_random_mean_raw_return,policy_mean_raw_return,policy_mean_excess_return,policy_mean_excess_vs_equal_weight,policy_mean_excess_vs_restricted_random,t_statistic,p_value,significant_outperformance,equal_weight_t_statistic,equal_weight_p_value,equal_weight_significant_outperformance,restricted_random_t_statistic,restricted_random_p_value,restricted_random_significant_outperformance
train,155,0.006039191968739033,0.007150293327867985,0.00694260885939002,0.15702615678310394,0.15098696947097778,0.14987586159859934,0.15008354610012423,21.498473510386194,1.5824984359772754e-48,True,22.58582187746597,4.886957456938415e-51,True,22.51395225096757,7.127960485857971e-51,True
validation,39,0.003980980254709721,0.004372077062726021,0.0035937046632170677,0.20193588733673096,0.1979549080133438,0.19756381939619017,0.1983421918673393,5.856214047517127,4.483067929902892e-07,True,5.984951294275968,2.9849492577335627e-07,True,5.9250524781018985,3.6067768977505093e-07,True
all,194,0.005625427234917879,0.006591785699129105,0.006269375793635845,0.1660543978214264,0.1604289710521698,0.1594626160012078,0.15978502643477058,18.106229247659897,8.942545521028403e-44,True,18.65147196739592,2.3143035867704464e-45,True,18.496934961650847,6.499722331171102e-45,True
