Split,samples,benchmark_mean_raw_return,equal_weight_mean_raw_return,restricted_random_mean_raw_return,policy_mean_raw_return,policy_mean_excess_return,policy_mean_excess_vs_equal_weight,policy_mean_excess_vs_restricted_random,t_statistic,p_value,significant_outperformance,equal_weight_t_statistic,equal_weight_p_value,equal_weight_significant_outperformance,restricted_random_t_statistic,restricted_random_p_value,restricted_random_significant_outperformance
train,1440,0.00047358142910525203,0.00041016581235453486,0.0003691407910082489,0.00042292565922252834,-5.0655751692829654e-05,1.2759864330291747e-05,5.378487209479014e-05,-0.8811419006977452,0.8108059172492842,False,1.0122886400849267,0.15578512023022792,False,1.2960876146563625,0.09757656622423828,False
validation,360,0.0007738580461591482,0.0009054248803295195,0.0009304877603426576,0.0009188230033032596,0.0001449649571441114,1.3398130734761556e-05,-1.1664794551001655e-05,0.9279403314892427,0.1770309866968903,False,0.6614500696792516,0.25437401081918165,False,-0.12591424253436517,0.5500648533269248,False
all,1800,0.0005336367175914347,0.0005092176143079996,0.00048141018487513065,0.0005221051396802068,-1.1531611562531907e-05,1.288751761118571e-05,4.069493876563178e-05,-0.20737063195147212,0.5821280568184382,False,1.186152662884746,0.11785932339208863,False,1.0705918379219144,0.14224830282463766,False
