Split,benchmark_component,equal_weight_component,restricted_random_component,raw_return_component,significance_component,significance_bonus,weight_error_penalty,composite_score
train,-0.1519659552626181,0.025519714810683793,0.08067653020344447,0.42267368260513943,2.358982338501156,0.0,10.803362131118774,-8.067475820260968
validation,0.43486440984085334,0.02679624543555326,-0.01749718389051361,0.9162460279458942,2.417853831967302,0.0,10.812144577503204,-7.033881246204115
all,-0.03459481935308993,0.0257750209526246,0.061042071180707466,0.5216312476870194,3.357787823912936,0.0,10.805118978023529,-6.873477633643331
