Split,samples,benchmark_mean_raw_return,equal_weight_mean_raw_return,restricted_random_mean_raw_return,policy_mean_raw_return,policy_mean_excess_return,policy_mean_excess_vs_equal_weight,policy_mean_excess_vs_restricted_random,t_statistic,p_value,significant_outperformance,equal_weight_t_statistic,equal_weight_p_value,equal_weight_significant_outperformance,restricted_random_t_statistic,restricted_random_p_value,restricted_random_significant_outperformance
train,336,0.013253734447062016,0.0121260741725564,0.012143311090767384,0.011875035241246223,-0.0013786973431706429,-0.00025103773389543803,-0.0002682750068959736,-0.44715687515036273,0.6724746186860837,False,-0.0920264468443402,0.5366339835416674,False,-0.09854110129333328,0.5392192139167098,False
validation,84,0.007195405196398497,0.012705144472420216,0.013650587759912014,0.02729208767414093,0.020096682012081146,0.014586942536490304,0.01364149862811679,3.906684738894814,9.500761102241217e-05,True,3.441967934773944,0.0004534539750135603,True,3.2368795222963787,0.0008686377140241928,True
all,420,0.01204206794500351,0.012241887860000134,0.012444766238331795,0.01495844591408968,0.0029163784347474575,0.0027165583201817106,0.002513679720106579,1.0790306482639436,0.14059741109285867,False,1.1525685684066644,0.12487232226783465,False,1.0700589329671817,0.14260440296824606,False
