Split,samples,demo_mean_training_reward,policy_mean_excess_return,policy_mean_training_reward,demo_mean_raw_return,demo_mean_excess_return,demo_mean_excess_vs_equal_weight,demo_mean_excess_vs_restricted_random,policy_mean_raw_return,policy_mean_excess_vs_equal_weight,policy_mean_excess_vs_restricted_random,mean_abs_weight_error
train,336.0,0.028579674661159515,-0.0013786973431706429,0.0005070581682957709,0.03994765132665634,0.0266939178109169,0.027821574360132217,0.027804341167211533,0.011875035241246223,-0.0002510377380531281,-0.00026827483088709414,0.14649002254009247
validation,84.0,0.03649367392063141,0.020096682012081146,0.017872264608740807,0.04591349884867668,0.0387180931866169,0.03320835158228874,0.032262906432151794,0.02729208767414093,0.01458694227039814,0.013641498982906342,0.14284491539001465
all,420.0,0.030162470415234566,0.0029163784347474575,0.003980099689215422,0.04114082083106041,0.02909875102341175,0.02889893390238285,0.028696052730083466,0.01495844591408968,0.00271655828692019,0.002513679675757885,0.14576101303100586
