Split,benchmark_component,equal_weight_component,restricted_random_component,raw_return_component,significance_component,significance_bonus,weight_error_penalty,composite_score
train,-4.110083394304915,-0.5019700251448105,-0.4023159973830263,8.298030074966176,-1.0610987447450082,0.0,8.789401352405548,-6.566839439017133
validation,28.941129537135886,17.947973978019796,13.160281100604402,9.91515561830927,12.393602468940225,10.0,8.570694923400879,83.7874477796087
all,8.509247583045067,5.3032983341235855,3.6930621737122062,9.04394513048426,5.268512498569422,0.0,8.745660781860352,23.07240493807419
