Split,samples,benchmark_mean_raw_return,equal_weight_mean_raw_return,restricted_random_mean_raw_return,policy_mean_raw_return,policy_mean_excess_return,policy_mean_excess_vs_equal_weight,policy_mean_excess_vs_restricted_random,t_statistic,p_value,significant_outperformance,equal_weight_t_statistic,equal_weight_p_value,equal_weight_significant_outperformance,restricted_random_t_statistic,restricted_random_p_value,restricted_random_significant_outperformance
train,1440,0.0016732722287997603,0.0015683472156524658,0.001549775362946093,0.0015681314980611205,-0.00010514060704736039,-2.1581848462422688e-07,1.8356119592984518e-05,-1.176070281753572,0.8801193412415781,False,-0.8752809469282452,0.8092164363253743,False,0.29821477670369134,0.3827911484222567,False
validation,360,0.0018674626480787992,0.002351722214370966,0.0022561701480299234,0.002353076124563813,0.0004856134473811835,1.3538532786899143e-06,9.690605931811862e-05,1.959850601837509,0.0253932681093893,True,1.6768941309016763,0.04721682594357594,True,0.6962519416390803,0.2433607929379692,False
all,1800,0.0017121103592216969,0.0017250222153961658,0.0016910543199628592,0.0017251205863431096,1.3010203474550508e-05,9.811586803860134e-08,3.406610753801134e-05,0.14927868117786447,0.4406752343819448,False,0.38443155730798234,0.350352025587126,False,0.602378738146286,0.2734989879083554,False
