Split,samples,demo_mean_training_reward,policy_mean_excess_return,policy_mean_training_reward,demo_mean_raw_return,demo_mean_excess_return,demo_mean_excess_vs_equal_weight,demo_mean_excess_vs_restricted_random,policy_mean_raw_return,policy_mean_excess_vs_equal_weight,policy_mean_excess_vs_restricted_random,mean_abs_weight_error
train,1440.0,0.00990693736821413,-0.00010514060704736039,0.00011836337944259867,0.01135670579969883,0.00968343298882246,0.00978835765272379,0.009806930087506771,0.0015681314980611205,-2.1581848841378815e-07,1.8356118744122796e-05,0.12666074931621552
validation,360.0,0.012870571576058865,0.0004856134473811835,0.0004493403830565512,0.014774306677281857,0.012906845659017563,0.012422585859894753,0.012518138624727726,0.002353076124563813,1.3538532357415534e-06,9.690605656942353e-05,0.12931719422340393
all,1800.0,0.010499663650989532,1.3010203474550508e-05,0.00018455879762768745,0.012040224857628345,0.010328114964067936,0.010315204039216042,0.010349171236157417,0.0017251205863431096,9.81158692070494e-08,3.406610630918294e-05,0.12719205021858215
