Split,benchmark_component,equal_weight_component,restricted_random_component,raw_return_component,significance_component,significance_bonus,weight_error_penalty,composite_score
train,-0.3154101988379128,-0.00043163696918143834,0.027534148464309703,1.55540304095314,-2.885490118040406,0.0,7.599644958972931,-9.218039723402981
validation,1.4556962456641451,0.0027077065408364753,0.14535453902857035,2.3105872307289057,6.710990641462681,6.666666666666666,7.759031653404236,9.53297137668757
all,0.0390305884018942,0.00019623173607090578,0.05109896363939962,1.7082084504928654,1.8834880638418356,0.0,7.631523013114929,-3.9495007150028636
