Split,samples,benchmark_mean_raw_return,equal_weight_mean_raw_return,restricted_random_mean_raw_return,policy_mean_raw_return,policy_mean_excess_return,policy_mean_excess_vs_equal_weight,policy_mean_excess_vs_restricted_random,t_statistic,p_value,significant_outperformance,equal_weight_t_statistic,equal_weight_p_value,equal_weight_significant_outperformance,restricted_random_t_statistic,restricted_random_p_value,restricted_random_significant_outperformance
train,35,0.004415331408381462,0.0027136001735925674,0.002778594847768545,0.10825276374816895,0.10383743792772293,0.10553916352135795,0.10547416891370501,9.993162768493862,5.935826016570291e-12,True,10.458816797203378,1.826233789621446e-12,True,10.0601995855936,5.000645672896138e-12,True
validation,9,-0.004703064914792776,-0.004768848419189453,-0.005440148990601301,0.12362880259752274,0.12833185493946075,0.1283976501888699,0.12906895081202188,5.009477708568786,0.0005202203951195934,True,5.552773307460897,0.00026960858585870856,True,5.536757267285131,0.00027472422796956565,True
all,44,0.0025502049829810858,0.0011830993462353945,0.0010974881006404757,0.11139785498380661,0.10884764790534973,0.1102147630669854,0.1103003743019971,11.15850902018136,1.3975277738104696e-14,True,11.859295475889954,1.9089872880797536e-15,True,11.50446693648877,5.1892934306871915e-15,True
