Split,samples,demo_mean_training_reward,policy_mean_excess_return,policy_mean_training_reward,demo_mean_raw_return,demo_mean_excess_return,demo_mean_excess_vs_equal_weight,demo_mean_excess_vs_restricted_random,policy_mean_raw_return,policy_mean_excess_vs_equal_weight,policy_mean_excess_vs_restricted_random,mean_abs_weight_error
train,1440.0,0.008047322742640972,1.282981702388497e-05,0.00010010076221078634,0.008433633483946323,0.007960052229464054,0.008023466914892197,0.008064492605626583,0.0004864112415816635,7.624543650308624e-05,0.00011727044329745695,0.18394456803798676
validation,360.0,0.009230934083461761,0.00021406279120128602,0.00022065261146053672,0.009998203255236149,0.009224344976246357,0.009092778898775578,0.009067715145647526,0.0009879207937046885,8.249597158282995e-05,5.743304791394621e-05,0.18478794395923615
all,1800.0,0.00828404538333416,5.307641185936518e-05,0.00012421113206073642,0.008746547624468803,0.00821291096508503,0.008237329311668873,0.008265136741101742,0.0005867131403647363,7.749554060865194e-05,0.00010530296276556328,0.18411323428153992
