Split,benchmark_component,equal_weight_component,restricted_random_component,raw_return_component,significance_component,significance_bonus,weight_error_penalty,composite_score
train,0.03848942995325052,0.15248791262665962,0.17589759899732402,0.486027994597912,6.502210565171191,6.666666666666666,11.036674082279205,2.985106085733797
validation,0.6420903018466492,0.164988205552051,0.08614862610822593,0.9847192971387002,4.641966079816688,0.0,11.087276637554169,-4.567364127091854
all,0.15922774037642862,0.1549879810558318,0.15794860637463046,0.5860408473192698,7.717692072136858,6.666666666666666,11.046794056892395,4.395769857037289
