Split,samples,demo_mean_training_reward,policy_mean_excess_return,policy_mean_training_reward,demo_mean_raw_return,demo_mean_excess_return,demo_mean_excess_vs_equal_weight,demo_mean_excess_vs_restricted_random,policy_mean_raw_return,policy_mean_excess_vs_equal_weight,policy_mean_excess_vs_restricted_random,mean_abs_weight_error
train,1360.0,0.012488390319049358,0.0010796105489134789,0.001534042414277792,0.01481668557971716,0.012033958919346333,0.012307366356253624,0.012504647485911846,0.0038623358123004436,0.001353016821667552,0.0015502978349104524,0.15417799353599548
validation,340.0,0.014819306321442127,0.0022924451623111963,0.002204730873927474,0.01726744882762432,0.014907021075487137,0.01413040328770876,0.014453164301812649,0.004652871750295162,0.0015158267924562097,0.0018385878065600991,0.1525786966085434
all,1700.0,0.012954575009644032,0.0013221774715930223,0.0016681799897924066,0.015306837856769562,0.012608572840690613,0.012671973556280136,0.012894350104033947,0.004020443186163902,0.0013855788856744766,0.0016079560155048966,0.15385814011096954
