Split,samples,benchmark_mean_raw_return,equal_weight_mean_raw_return,restricted_random_mean_raw_return,policy_mean_raw_return,policy_mean_excess_return,policy_mean_excess_vs_equal_weight,policy_mean_excess_vs_restricted_random,t_statistic,p_value,significant_outperformance,equal_weight_t_statistic,equal_weight_p_value,equal_weight_significant_outperformance,restricted_random_t_statistic,restricted_random_p_value,restricted_random_significant_outperformance
train,288,0.013024505227804184,0.012162960134446621,0.012242303229868412,0.014267212711274624,0.0012427071342244744,0.0021042517489857143,0.0020249084466033513,0.4011136174823738,0.3443174737362801,False,0.7683485140776956,0.22145595677026303,False,0.7467291794795594,0.2279191620657042,False
validation,72,0.009761350229382515,0.013781613670289516,0.014728933572769165,0.03128951042890549,0.02152816206216812,0.01750789748297797,0.01656057768397861,4.0962591650857,5.494909324187249e-05,True,4.086124826085676,5.6924993356340326e-05,True,3.900202568802769,0.00010793184375974311,True
all,360,0.01237187348306179,0.012486690655350685,0.012739629484713078,0.017671670764684677,0.005299795418977737,0.005184978246688843,0.00493203964498308,1.9463138339281487,0.026198445763587888,True,2.1854464623082586,0.01475092470449367,True,2.101089348619923,0.01816493301618802,True
