Split,benchmark_component,equal_weight_component,restricted_random_component,raw_return_component,significance_component,significance_bonus,weight_error_penalty,composite_score
train,3.7090478293865847,4.14746852744576,2.996519216530216,8.909927192175719,3.146254565624302,0.0,8.864918947219849,14.044298383942731
validation,29.201236194136783,18.82930709227104,13.945263427271266,9.961768031441403,13.08410563490406,10.0,8.896263241767883,86.12541713825667
all,14.56096356511273,9.530795950194392,6.851335125103095,9.432981006973575,8.994157889495984,10.0,8.871188163757324,50.499045373122456
