Split,samples,benchmark_mean_raw_return,equal_weight_mean_raw_return,restricted_random_mean_raw_return,policy_mean_raw_return,policy_mean_excess_return,policy_mean_excess_vs_equal_weight,policy_mean_excess_vs_restricted_random,t_statistic,p_value,significant_outperformance,equal_weight_t_statistic,equal_weight_p_value,equal_weight_significant_outperformance,restricted_random_t_statistic,restricted_random_p_value,restricted_random_significant_outperformance
train,216,0.01302450429648161,0.012162960134446621,0.012156402692198753,0.0247466042637825,0.011722099035978317,0.012583643198013306,0.012590200536780886,9.153985888344803,2.1862517630788478e-17,True,13.127340037572745,1.3376816302745834e-29,True,12.768065350679887,1.8538888904305535e-28,True
validation,54,0.009761350229382515,0.013781613670289516,0.014843463897705078,0.020247526466846466,0.010486175306141376,0.006465911865234375,0.005404061741299099,3.4280084236123,0.0005917757973883328,True,3.282643637865229,0.0009120498580783639,True,2.5688154796575775,0.006528393628477715,True
all,270,0.01237187348306179,0.012486690655350685,0.012693814933300018,0.023846788331866264,0.0114749139174819,0.011360096931457519,0.01115297277768453,9.635880826784776,2.2700393281745844e-19,True,13.007977164371892,1.2175883288412e-30,True,12.265473329918843,4.547719339113904e-28,True
