Split,samples,demo_mean_training_reward,policy_mean_excess_return,policy_mean_training_reward,demo_mean_raw_return,demo_mean_excess_return,demo_mean_excess_vs_equal_weight,demo_mean_excess_vs_restricted_random,policy_mean_raw_return,policy_mean_excess_vs_equal_weight,policy_mean_excess_vs_restricted_random,mean_abs_weight_error
train,216.0,0.03739985451102257,0.011722099035978317,0.013456634245812893,0.0486898235976696,0.03566531836986542,0.036526862531900406,0.036533422768116,0.0247466042637825,0.012583643198013306,0.012590200640261173,0.13892212510108948
validation,54.0,0.04402366653084755,0.010486175306141376,0.009239808656275272,0.055031392723321915,0.045270029455423355,0.041249778121709824,0.04018792510032654,0.020247526466846466,0.006465911865234375,0.005404061637818813,0.17567621171474457
all,270.0,0.038724616169929504,0.0114749139174819,0.012613268569111824,0.04995813965797424,0.037586260586977005,0.03747144713997841,0.037264320999383926,0.023846788331866264,0.011360096745193005,0.011152972467243671,0.1462729275226593
