Split,benchmark_component,equal_weight_component,restricted_random_component,raw_return_component,significance_component,significance_bonus,weight_error_penalty,composite_score
train,24.74937965327991,17.01225081952607,12.761905844514807,9.859233360272691,14.98757407817441,10.0,8.335327506065369,81.03501624970251
validation,23.438049047778833,11.387414069523354,7.399430457577216,9.657352767724138,11.614948460464039,10.0,10.540572702884674,62.9566221001829
all,24.507639719654243,16.261321307663213,12.088904001496953,9.831711484724524,14.987181414619222,10.0,8.776375651359558,78.90038227679861
