Split,samples,benchmark_mean_raw_return,equal_weight_mean_raw_return,restricted_random_mean_raw_return,markowitz_mean_raw_return,policy_mean_raw_return,policy_mean_excess_return,policy_mean_excess_vs_equal_weight,policy_mean_excess_vs_restricted_random,policy_mean_excess_vs_markowitz,t_statistic,p_value,significant_outperformance,equal_weight_t_statistic,equal_weight_p_value,equal_weight_significant_outperformance,restricted_random_t_statistic,restricted_random_p_value,restricted_random_significant_outperformance,markowitz_t_statistic,markowitz_p_value,markowitz_significant_outperformance
train,991,0.00037090189289301634,0.0007101527298800647,0.000667366839479655,0.001170125207863748,0.0007102066301740706,0.0003393047081772238,5.389077872729566e-08,4.283974076857119e-05,-0.00045991864141854943,4.105203942359965,2.1862365080601443e-05,True,4.99054617400561,3.5550829595577434e-07,True,0.7702976564587444,0.2206535595117196,False,-2.618766380998392,0.9955201553281198,False
validation,248,0.0024716404732316732,0.0019385083578526974,0.002124688820913434,0.00030625780345872045,0.0019385134801268578,-0.0005331269931048155,5.047167501141948e-09,-0.0001861753482972422,0.0016322556522584731,-3.279376639238242,0.9994049207539684,False,2.4164073311931293,0.008200201336822784,True,-1.644097588869107,0.9492858989716951,False,6.960546015422344,1.5194457341865235e-11,True
all,1239,0.0007913887384347618,0.0009560221224091947,0.0009590665576979518,0.0009972123662009835,0.0009560661856085062,0.0001646775344852358,4.411417212189927e-08,-3.000244774868452e-06,-4.114606286172813e-05,2.2158171638746422,0.013442684928108706,True,5.091577627765439,2.0505955221970724e-07,True,-0.060038794204386896,0.5239327864121599,False,-0.2743666484102882,0.6080756777028283,False
