Split,samples,benchmark_mean_raw_return,equal_weight_mean_raw_return,restricted_random_mean_raw_return,policy_mean_raw_return,policy_mean_excess_return,policy_mean_excess_vs_equal_weight,policy_mean_excess_vs_restricted_random,t_statistic,p_value,significant_outperformance,equal_weight_t_statistic,equal_weight_p_value,equal_weight_significant_outperformance,restricted_random_t_statistic,restricted_random_p_value,restricted_random_significant_outperformance
train,836,0.005521585699170828,0.004950107540935278,0.005147391930222511,0.009840529412031174,0.004318943712860346,0.004890421717360829,0.004693137544193907,5.918938776511902,2.3639216390932435e-09,True,8.066286325435414,1.255291508654375e-15,True,7.505512535927075,7.846306922583821e-14,True
validation,209,0.005447760224342346,0.007029411382973194,0.00723584508523345,0.009799554944038391,0.004351794254034758,0.0027701429773175543,0.002563709277285343,4.714883544241696,2.2136795496127922e-06,True,5.010285811672466,5.796504718508172e-07,True,3.828220821217475,8.538168701811182e-05,True
all,1045,0.005506820511072874,0.005365968681871891,0.0055650826543569565,0.009832333773374557,0.004325514193624258,0.004466365969352175,0.004267251890812194,7.0670828988031245,1.4445169138919087e-12,True,8.96757566429961,6.862533094157097e-19,True,8.231571439595221,2.7349349573454654e-16,True
