Split,samples,demo_mean_training_reward,policy_mean_excess_return,policy_mean_training_reward,demo_mean_raw_return,demo_mean_excess_return,demo_mean_excess_vs_equal_weight,demo_mean_excess_vs_restricted_random,policy_mean_raw_return,policy_mean_excess_vs_equal_weight,policy_mean_excess_vs_restricted_random,mean_abs_weight_error
train,836.0,0.01938610151410103,0.004318943712860346,0.005117384251207113,0.02410924807190895,0.018587661907076836,0.019159138202667236,0.01896185427904129,0.009840529412031174,0.0048904214054346085,0.004693137481808662,0.13310611248016357
validation,209.0,0.025553397834300995,0.004351794254034758,0.004064457956701517,0.03128849342465401,0.02584073692560196,0.024259082973003387,0.024052651599049568,0.009799554944038391,0.002770142862573266,0.002563709393143654,0.1384504735469818
all,1045.0,0.02061956189572811,0.004325514193624258,0.004906799178570509,0.025545096024870872,0.02003827691078186,0.020179128274321556,0.019980013370513916,0.009832333773374557,0.004466366022825241,0.004267251584678888,0.13417497277259827
