Split,benchmark_component,equal_weight_component,restricted_random_component,raw_return_component,significance_component,significance_bonus,weight_error_penalty,composite_score
train,12.207097378526113,9.069117715498676,6.56467011742191,7.548150414781187,14.749154673238863,10.0,7.9863667488098145,52.15182355065693
validation,12.289221714001341,5.402789995497593,3.763470273435446,7.530466381187352,13.59321766950121,10.0,8.307028412818909,44.27213762080403
all,12.223540793763416,8.382607309814032,6.038713103254087,7.54462202445205,14.864100339321213,10.0,8.050498366355896,51.0030852042489
