Split,samples,benchmark_mean_raw_return,policy_mean_raw_return,policy_mean_excess_return,t_statistic,p_value,significant_outperformance
train,204,0.004890725947916508,0.00672047259286046,0.001829746295697987,0.6521802111043608,0.2575113479611392,False
validation,52,0.0047249142080545425,0.016894537955522537,0.012169623747467995,2.396548028880767,0.010127286356758655,True
all,256,0.0048570455983281136,0.008868597447872162,0.004011551849544048,1.6217505464284248,0.05304625716692212,False
