Split,samples,demo_mean_training_reward,policy_mean_excess_return,policy_mean_training_reward,demo_mean_raw_return,demo_mean_excess_return,demo_mean_excess_vs_equal_weight,demo_mean_excess_vs_restricted_random,policy_mean_raw_return,policy_mean_excess_vs_equal_weight,policy_mean_excess_vs_restricted_random,mean_abs_weight_error
train,1440.0,0.008047322742640972,-5.0655751692829654e-05,3.661519804154523e-05,0.008433633483946323,0.007960052229464054,0.008023466914892197,0.008064492605626583,0.00042292565922252834,1.2759864148392808e-05,5.378487185225822e-05,0.18005603551864624
validation,360.0,0.009230934083461761,0.0001449649571441114,0.00015155476285144687,0.009998203255236149,0.009224344976246357,0.009092778898775578,0.009067715145647526,0.0009188230033032596,1.3398131159192417e-05,-1.1664794328680728e-05,0.1802024096250534
all,1800.0,0.00828404538333416,-1.1531611562531907e-05,5.960311318631284e-05,0.008746547624468803,0.00821291096508503,0.008237329311668873,0.008265136741101742,0.0005221051396802068,1.2887517186754849e-05,4.0694940253160894e-05,0.18008531630039215
