Split,samples,benchmark_mean_raw_return,equal_weight_mean_raw_return,restricted_random_mean_raw_return,policy_mean_raw_return,policy_mean_excess_return,policy_mean_excess_vs_equal_weight,policy_mean_excess_vs_restricted_random,t_statistic,p_value,significant_outperformance,equal_weight_t_statistic,equal_weight_p_value,equal_weight_significant_outperformance,restricted_random_t_statistic,restricted_random_p_value,restricted_random_significant_outperformance
train,1020,0.002782725263386965,0.002509318757802248,0.002367197535932064,0.0026100999675691128,-0.00017262539768125862,0.00010078093584846047,0.00024290230928682814,-1.251274483366459,0.8944392311061337,False,5.462094797541813,2.9565464741041127e-08,True,2.406341793828945,0.008145177710802184,True
validation,255,0.002360426587983966,0.0031370450742542744,0.0029814965091645718,0.003182418178766966,0.0008219915325753391,4.537315929637236e-05,0.00020092164768892177,2.3611110380809177,0.009488021015459217,True,1.3985939407850172,0.08157728664375154,False,0.8268069780843157,0.20456125153063215,False
all,1275,0.0026982654817402363,0.002634864067658782,0.0024900573771446943,0.002724563470110297,2.6297990189050324e-05,8.969938053804286e-05,0.00023450617696724687,0.20089642530778054,0.4204058149645256,False,5.560883968678746,1.633470221891114e-08,True,2.4892760121646647,0.006463583622477417,True
