Split,samples,demo_mean_training_reward,policy_mean_excess_return,policy_mean_training_reward,demo_mean_raw_return,demo_mean_excess_return,demo_mean_excess_vs_equal_weight,demo_mean_excess_vs_restricted_random,policy_mean_raw_return,policy_mean_excess_vs_equal_weight,policy_mean_excess_vs_restricted_random,mean_abs_weight_error
train,1020.0,0.01733272522687912,-0.00017262539768125862,0.000270774558885023,0.019672049209475517,0.01688932441174984,0.017162730917334557,0.017304854467511177,0.0026100999675691128,0.00010078093328047544,0.0002429023152217269,0.17902451753616333
validation,255.0,0.02050665020942688,0.0008219915325753391,0.0007008346728980541,0.022988231852650642,0.020627805963158607,0.019851187244057655,0.020006736740469933,0.003182418178766966,4.5373159082373604e-05,0.00020092164049856365,0.1796589493751526
all,1275.0,0.017967509105801582,2.6297990189050324e-05,0.00035678662243299186,0.020335286855697632,0.017637021839618683,0.017700422555208206,0.01784522831439972,0.002724563470110297,8.969938062364236e-05,0.00023450618027709424,0.17915140092372894
