Split,benchmark_component,equal_weight_component,restricted_random_component,raw_return_component,significance_component,significance_bonus,weight_error_penalty,composite_score
train,-0.5178247576211855,0.20155504789741954,0.3642818227962439,2.552399738237183,9.39391211652254,6.666666666666666,10.7414710521698,7.919519582329066
validation,2.4604356164973864,0.09074569585925187,0.3013419225403106,3.0791629939805776,7.04464763575186,3.333333333333333,10.779536962509155,5.530130235453566
all,0.07889378869488589,0.1793939497687966,0.3516947984684483,2.6590898744048372,10.865587184675116,6.666666666666666,10.749084055423737,10.052242207255013
