Split,samples,benchmark_mean_raw_return,equal_weight_mean_raw_return,restricted_random_mean_raw_return,policy_mean_raw_return,policy_mean_excess_return,policy_mean_excess_vs_equal_weight,policy_mean_excess_vs_restricted_random,t_statistic,p_value,significant_outperformance,equal_weight_t_statistic,equal_weight_p_value,equal_weight_significant_outperformance,restricted_random_t_statistic,restricted_random_p_value,restricted_random_significant_outperformance
train,315,0.0028121729847043753,0.0033462070859968662,0.003433692967519164,0.10658758133649826,0.10377541184425354,0.10324136870247977,0.10315388289708939,27.850265335535816,3.8908509313127783e-87,True,29.417387078443696,1.5381056855729184e-92,True,29.47624518127299,9.697247763355834e-93,True
validation,79,0.0022363360039889812,0.0025008004158735275,0.0024600247852504253,0.12775105237960815,0.12551471590995789,0.1252502436879315,0.12529101930087125,8.493578007912458,5.190067042678189e-13,True,8.675925284947589,2.2966893754294616e-13,True,8.645975429192474,2.625776014203721e-13,True
all,394,0.002696713199838996,0.003176696365699172,0.0032384649384766817,0.11083101481199265,0.10813429206609726,0.10765431571732922,0.10759254730292384,25.66467265567819,2.5279375907723887e-86,True,26.616443086792923,2.830567220392585e-90,True,26.58440339846484,3.8390895948434143e-90,True
