Split,samples,benchmark_mean_raw_return,equal_weight_mean_raw_return,restricted_random_mean_raw_return,markowitz_mean_raw_return,policy_mean_raw_return,policy_mean_excess_return,policy_mean_excess_vs_equal_weight,policy_mean_excess_vs_restricted_random,policy_mean_excess_vs_markowitz,t_statistic,p_value,significant_outperformance,equal_weight_t_statistic,equal_weight_p_value,equal_weight_significant_outperformance,restricted_random_t_statistic,restricted_random_p_value,restricted_random_significant_outperformance,markowitz_t_statistic,markowitz_p_value,markowitz_significant_outperformance
train,86,0.005413521081209183,0.00905434787273407,0.00876009650528431,0.013966222293674946,0.027463801205158234,0.02205028012394905,0.018409453159154848,0.01870370396347933,0.01349757992944052,4.9008175372534915,2.2586470539859957e-06,True,4.69459761182495,5.073494877073439e-06,True,4.582000219678887,7.832934320097144e-06,True,4.288419746847571,2.366393073167681e-05,True
validation,22,0.0056814877316355705,0.004031148739159107,0.004346969537436962,-0.004933963995426893,0.014916702173650265,0.009235214442014694,0.010885552926497026,0.010569732297550549,0.01985066587274725,2.308799448841149,0.015610576628287999,True,3.804523971740893,0.0005178828002855096,True,3.3468923704286877,0.0015278848317845269,True,6.984753687051952,3.3747663930785477e-07,True
all,108,0.0054681068286299706,0.008031103760004044,0.007861126214265823,0.010116183198988438,0.02490791119635105,0.019439803436398506,0.01687680681546529,0.017046783809308654,0.014791727066040039,5.253183254987479,3.835579265787211e-07,True,5.2998223554752935,3.13479572194259e-07,True,5.130624305068683,6.488051247486902e-07,True,5.735715268794715,4.554516880951447e-08,True
