Split,samples,benchmark_mean_raw_return,policy_mean_raw_return,policy_mean_excess_return,t_statistic,p_value,significant_outperformance
train,204,0.0028800435829907656,0.0025682321283966303,-0.00031181148369796574,-0.15594051857932092,0.5618825659434605,False
validation,52,-0.002368713729083538,0.0027735931798815727,0.005142306908965111,1.2530163563198522,0.10795718837165894,False
all,256,0.0018138897139579058,0.00280207977630198,0.0009881900623440742,0.5788966933815932,0.2815849318918787,False
