Split,samples,benchmark_mean_raw_return,equal_weight_mean_raw_return,restricted_random_mean_raw_return,policy_mean_raw_return,policy_mean_excess_return,policy_mean_excess_vs_equal_weight,policy_mean_excess_vs_restricted_random,t_statistic,p_value,significant_outperformance,equal_weight_t_statistic,equal_weight_p_value,equal_weight_significant_outperformance,restricted_random_t_statistic,restricted_random_p_value,restricted_random_significant_outperformance
train,1440,0.0016732722287997603,0.0015683472156524658,0.001549775362946093,0.002141480566933751,0.00046820827992632985,0.00057313305636247,0.0005917049944400788,1.5965350465372228,0.05529447591941607,False,2.3753085606278077,0.00883233370207116,True,2.3909633600769356,0.008466046001917504,True
validation,360,0.0018674626480787992,0.002351722214370966,0.0022561701480299234,0.0031397100538015366,0.0012722474057227373,0.0007879878083864848,0.0008835400144259135,2.173195821685051,0.015209443396922491,True,1.680974190572923,0.04681883982221653,True,1.7910105013608768,0.037066963591237574,True
all,1800,0.0017121103592216969,0.0017250222153961658,0.0016910543199628592,0.002341126324608922,0.000629016081802547,0.000616104006767273,0.0006500719984372456,2.3986027044441216,0.008279513782936941,True,2.871668928867696,0.0020654575269212416,True,2.9393876684728637,0.0016652688191670126,True
