Portfolio,annualized_return,annualized_volatility,sharpe_ratio,sortino_ratio,max_drawdown,calmar_ratio
portfolio,0.17724886065374257,0.20521797633697178,0.863710206179485,1.0758799274102642,-0.31888378619213653,0.5558415583630367
equal_weight,0.15841077921383429,0.14522971387775666,1.0907601136443226,1.3805281032490933,-0.22967872148375956,0.6897059431125204
benchmark,0.13198388024193775,0.17973645673485614,0.7343189169275652,0.8916797392034835,-0.3371725173727821,0.39144317357281744
