Split,samples,benchmark_mean_raw_return,equal_weight_mean_raw_return,restricted_random_mean_raw_return,policy_mean_raw_return,policy_mean_excess_return,policy_mean_excess_vs_equal_weight,policy_mean_excess_vs_restricted_random,t_statistic,p_value,significant_outperformance,equal_weight_t_statistic,equal_weight_p_value,equal_weight_significant_outperformance,restricted_random_t_statistic,restricted_random_p_value,restricted_random_significant_outperformance
train,1440,0.0006154620787128806,0.000544655486010015,0.0005394042236730456,0.0005445850547403097,-7.087703852448612e-05,-7.044937875535753e-08,5.180802610185412e-06,-1.2524725869850053,0.8946993903401204,False,-1.2412324957824779,0.8926389150231337,False,0.12683411545953244,0.44954470659197193,False
validation,360,0.0007207415183074772,0.0009146708762273192,0.0009132194682024419,0.0009147566161118448,0.00019401511235628277,8.576446109347873e-08,1.5371375613742404e-06,1.2377181400867052,0.10831473070638663,False,2.3566190349278977,0.009489367849838672,True,0.01924770465853599,0.4923270973340965,False
all,1800,0.0006365180015563965,0.0006186586106196046,0.0006141673075035214,0.0006186193786561489,-1.7898611986311153e-05,-3.920661078559028e-08,4.452069600423177e-06,-0.32483104706906873,0.6273266431696677,False,-0.852225750567262,0.802898878340877,False,0.12243603351935134,0.45128368888679604,False
