Split,samples,demo_mean_training_reward,policy_mean_excess_return,policy_mean_training_reward,demo_mean_raw_return,demo_mean_excess_return,demo_mean_excess_vs_equal_weight,demo_mean_excess_vs_restricted_random,policy_mean_raw_return,policy_mean_excess_vs_equal_weight,policy_mean_excess_vs_restricted_random,mean_abs_weight_error
train,1440.0,0.005582332611083984,-7.087703852448612e-05,2.71227127086604e-05,0.006099794991314411,0.005484332796186209,0.005555139388889074,0.005560390651226044,0.0005445850547403097,-7.044938143963009e-08,5.180802418180974e-06,0.12433692067861557
validation,360.0,0.00693949731066823,0.00019401511235628277,0.00016941486683208495,0.007684838958084583,0.006964097265154123,0.0067701684311032295,0.0067716194316744804,0.0009147566161118448,8.576446219876743e-08,1.5371375639006146e-06,0.1291446089744568
all,1800.0,0.005853765178471804,-1.7898611986311153e-05,5.5581145716132596e-05,0.006416804157197475,0.005780285689979792,0.005798144731670618,0.0058026365004479885,0.0006186193786561489,-3.920661129086511e-08,4.4520697883854154e-06,0.12529845535755157
