Split,benchmark_component,equal_weight_component,restricted_random_component,raw_return_component,significance_component,significance_bonus,weight_error_penalty,composite_score
train,-0.21262755509828127,-0.00014089875750838407,0.0077712032199959424,0.5440473287674183,-3.8562899579726913,0.0,7.460215240716934,-10.977455120558002
validation,0.5819723171588622,0.00017152892218275185,0.0023057063239016796,0.9122136283334703,5.718596231589386,3.333333333333333,7.748676538467407,2.7999162071937285
all,-0.053695778618957905,-7.841322157077877e-05,0.00667810395941414,0.6178314533910854,-1.7497001170814848,0.0,7.5179073214530945,-8.696872073024608
