Split,samples,benchmark_mean_raw_return,equal_weight_mean_raw_return,restricted_random_mean_raw_return,policy_mean_raw_return,policy_mean_excess_return,policy_mean_excess_vs_equal_weight,policy_mean_excess_vs_restricted_random,t_statistic,p_value,significant_outperformance,equal_weight_t_statistic,equal_weight_p_value,equal_weight_significant_outperformance,restricted_random_t_statistic,restricted_random_p_value,restricted_random_significant_outperformance
train,340,0.002782725263386965,0.0025093189906328917,0.0025764729361981153,0.019672051072120667,0.01688932441174984,0.017162731640479142,0.017095577541519615,19.419131593448338,2.6555028207361e-57,True,23.119546828543037,5.820951737297996e-72,True,22.33570166665335,6.861785051067745e-69,True
validation,85,0.002360426587983966,0.0031370450742542744,0.0032616446260362864,0.02298823371529579,0.020627804100513458,0.019851187397451963,0.01972658774432014,10.660747842466714,1.399278138296036e-17,True,12.69210389795357,1.5635198350258331e-21,True,12.360082257392937,6.726211513141865e-21,True
all,425,0.0026982654817402363,0.002634864067658782,0.002713507506996393,0.020335284993052483,0.017637021839618683,0.017700422791873706,0.01762177958207972,22.090414554372995,8.052066797123143e-73,True,26.3237635314206,1.618854249836976e-91,True,25.48145134804801,7.651614357774395e-88,True
