Split,samples,benchmark_mean_raw_return,equal_weight_mean_raw_return,restricted_random_mean_raw_return,policy_mean_raw_return,policy_mean_excess_return,policy_mean_excess_vs_equal_weight,policy_mean_excess_vs_restricted_random,t_statistic,p_value,significant_outperformance,equal_weight_t_statistic,equal_weight_p_value,equal_weight_significant_outperformance,restricted_random_t_statistic,restricted_random_p_value,restricted_random_significant_outperformance
train,336,0.013253734447062016,0.0121260741725564,0.012143311090767384,0.015233215875923634,0.00197948282584548,0.0031071420581567856,0.00308990478515625,0.7159616399258973,0.23725689636966954,False,1.2680809559859028,0.102824812128328,False,1.2707822151642958,0.10234394416068955,False
validation,84,0.007195405196398497,0.012705144472420216,0.013650587759912014,0.035063061863183975,0.027867646887898445,0.022357912290663945,0.021412468382290432,5.368388765724167,3.5404916638048383e-07,True,5.354511386871821,3.7482892323742237e-07,True,5.202756857956859,6.964251164856128e-07,True
all,420,0.01204206794500351,0.012241887860000134,0.012444766238331795,0.019199185073375702,0.007157115265727043,0.006957296104658218,0.006754417504583087,2.8714055962906824,0.002146921648515734,True,3.218620248891455,0.0006941237027478865,True,3.1558578348303166,0.0008578818061475484,True
