Split,samples,demo_mean_training_reward,policy_mean_excess_return,policy_mean_training_reward,demo_mean_raw_return,demo_mean_excess_return,demo_mean_excess_vs_equal_weight,demo_mean_excess_vs_restricted_random,policy_mean_raw_return,policy_mean_excess_vs_equal_weight,policy_mean_excess_vs_restricted_random,mean_abs_weight_error
train,336.0,0.028579674661159515,0.00197948282584548,0.00386523874476552,0.03994765132665634,0.0266939178109169,0.027821574360132217,0.027804341167211533,0.015233215875923634,0.003107141936197877,0.00308990478515625,0.14531643688678741
validation,84.0,0.03649367392063141,0.027867646887898445,0.025643235072493553,0.04591349884867668,0.0387180931866169,0.03320835158228874,0.032262906432151794,0.035063061863183975,0.022357912734150887,0.021412469446659088,0.1314016431570053
all,420.0,0.030162470415234566,0.007157115265727043,0.008220838382840157,0.04114082083106041,0.02909875102341175,0.02889893390238285,0.028696052730083466,0.019199185073375702,0.006957295350730419,0.006754417438060045,0.14253348112106323
