Split,samples,benchmark_mean_raw_return,equal_weight_mean_raw_return,restricted_random_mean_raw_return,policy_mean_raw_return,policy_mean_excess_return,policy_mean_excess_vs_equal_weight,policy_mean_excess_vs_restricted_random,t_statistic,p_value,significant_outperformance,equal_weight_t_statistic,equal_weight_p_value,equal_weight_significant_outperformance,restricted_random_t_statistic,restricted_random_p_value,restricted_random_significant_outperformance
train,360,0.013024505227804184,0.012162961065769196,0.012244642712175846,0.019962970167398453,0.006938465870916843,0.00780001034339269,0.007718327807055579,2.849344223412062,0.0023167985436112174,True,3.698647530358018,0.00012533282440689293,True,3.676319555778145,0.00013638297571065598,True
validation,90,0.009761350229382515,0.013781613670289516,0.014767925255000591,0.0322660431265831,0.022504689171910286,0.018484426869286433,0.01749811503622267,4.856703714033624,2.5378104250377384e-06,True,5.17655695278564,6.942762982552935e-07,True,4.966021951843352,1.6370667671241964e-06,True
all,450,0.01237187534570694,0.012486690655350685,0.01274929940700531,0.022423584014177322,0.010051708668470383,0.009936890999476115,0.009674282603793674,4.621541847831662,2.4924713964104614e-06,True,5.396262971270379,5.5182410132166246e-08,True,5.289030142803821,9.625219563065956e-08,True
