Split,samples,demo_mean_training_reward,policy_mean_excess_return,policy_mean_training_reward,demo_mean_raw_return,demo_mean_excess_return,demo_mean_excess_vs_equal_weight,demo_mean_excess_vs_restricted_random,policy_mean_raw_return,policy_mean_excess_vs_equal_weight,policy_mean_excess_vs_restricted_random,mean_abs_weight_error
train,360.0,0.028750821948051453,0.006938465870916843,0.008655352517962456,0.0400584414601326,0.027033936232328415,0.027895482257008553,0.027813797816634178,0.019962970167398453,0.007800010032951832,0.007718327920883894,0.13083618879318237
validation,90.0,0.03544935584068298,0.022504689171910286,0.021273432299494743,0.04644196853041649,0.036680612713098526,0.0326603464782238,0.031674038618803024,0.0322660431265831,0.01848442479968071,0.017498115077614784,0.12987832725048065
all,450.0,0.03009052760899067,0.010051708668470383,0.011178964748978615,0.04133514314889908,0.028963271528482437,0.028848452493548393,0.028585845604538918,0.022423584014177322,0.009936889633536339,0.009674281813204288,0.13064461946487427
