Split,benchmark_component,equal_weight_component,restricted_random_component,raw_return_component,significance_component,significance_bonus,weight_error_penalty,composite_score
train,18.0134229703528,13.054145992907822,9.719908749727143,9.637650251914792,12.196117549892174,10.0,7.850171327590942,64.7710741872038
validation,29.341394605262327,19.031981448043663,14.120311222835134,9.968540383484667,13.966485056954483,10.0,7.792699635028839,88.63601308155144
all,22.91271748779912,15.17861950103869,11.213579686751865,9.77691478827093,14.032559110694532,10.0,7.838677167892456,75.27571340666267
