Split,samples,benchmark_mean_raw_return,equal_weight_mean_raw_return,restricted_random_mean_raw_return,markowitz_mean_raw_return,policy_mean_raw_return,policy_mean_excess_return,policy_mean_excess_vs_equal_weight,policy_mean_excess_vs_restricted_random,policy_mean_excess_vs_markowitz,t_statistic,p_value,significant_outperformance,equal_weight_t_statistic,equal_weight_p_value,equal_weight_significant_outperformance,restricted_random_t_statistic,restricted_random_p_value,restricted_random_significant_outperformance,markowitz_t_statistic,markowitz_p_value,markowitz_significant_outperformance
train,991,0.00037090189289301634,0.0007101527298800647,0.000667366839479655,0.001170125207863748,0.0007101641385816038,0.00033926224568858743,1.1427732096189929e-08,4.279727772194009e-05,-0.00045996110446518053,4.1048807792522375,2.1892434289619173e-05,True,7.874673764784376,4.472172338572695e-15,True,0.769546826446262,0.220876161970764,False,-2.6189680342906434,0.9955227840506276,False
validation,248,0.0024716404732316732,0.0019385083578526974,0.002124688820913434,0.00030625780345872045,0.001938516623340547,-0.0005331239080987871,8.171604525658391e-09,-0.00018617222386021768,0.0016322587766954976,-3.279364816548864,0.9994048968714139,False,4.263506676139864,1.4331676582434982e-05,True,-1.6440714925481508,0.9492832017122761,False,6.960556935449038,1.519347280287716e-11,True
all,1239,0.0007913887384347618,0.0009560221224091947,0.0009590665576979518,0.0009972123662009835,0.0009560328908264637,0.00016464419604744762,1.0775980976341808e-08,-3.0335829660140094e-06,-4.1179401052873684e-05,2.215452974919633,0.01345519942726739,True,8.81299682987528,2.0221961900073333e-18,True,-0.060706772177919366,0.5241987317532482,False,-0.27458510070875947,0.6081595864127061,False
