Split,samples,benchmark_mean_raw_return,equal_weight_mean_raw_return,restricted_random_mean_raw_return,policy_mean_raw_return,policy_mean_excess_return,policy_mean_excess_vs_equal_weight,policy_mean_excess_vs_restricted_random,t_statistic,p_value,significant_outperformance,equal_weight_t_statistic,equal_weight_p_value,equal_weight_significant_outperformance,restricted_random_t_statistic,restricted_random_p_value,restricted_random_significant_outperformance
train,14,0.007191773038357496,0.005960226058959961,0.0031245520804077387,0.16354672610759735,0.15635497868061066,0.15758650643484934,0.16042218038014003,8.55502136257401,5.324701829220825e-07,True,8.680354021549482,4.524969361992969e-07,True,8.529444430351463,5.505678754151777e-07,True
validation,4,-0.0071656107902526855,-0.011066541075706482,-0.008519813418388367,0.16588905453681946,0.17305466532707214,0.17695559561252594,0.17440886795520782,3.461897369872549,0.02029210323991132,True,4.034122381697849,0.013695993351446232,True,4.320328388075747,0.011425698707499451,True
all,18,0.00400124303996563,0.0021764999255537987,0.0005369153223000467,0.16406725347042084,0.16006600856781006,0.16189074847433302,0.16353033317459953,9.249148919790134,2.3999377873069542e-08,True,9.757139864966037,1.1086596410067121e-08,True,9.838129578705642,9.828211994488319e-09,True
