Split,samples,benchmark_mean_raw_return,equal_weight_mean_raw_return,restricted_random_mean_raw_return,policy_mean_raw_return,policy_mean_excess_return,policy_mean_excess_vs_equal_weight,policy_mean_excess_vs_restricted_random,t_statistic,p_value,significant_outperformance,equal_weight_t_statistic,equal_weight_p_value,equal_weight_significant_outperformance,restricted_random_t_statistic,restricted_random_p_value,restricted_random_significant_outperformance
train,668,0.005462522152811289,0.004893822595477104,0.005010571796447039,0.009176821447908878,0.003714299062266946,0.0042829984676338246,0.00416624911887917,4.854828264322417,7.510961832228823e-07,True,6.855701745203841,8.094549151166304e-12,True,6.4218337061694974,1.2793218102593467e-10,True
validation,168,0.005682959221303463,0.007243309635668993,0.007549504283815622,0.008829583413898945,0.003146624192595482,0.001586274022147769,0.0012800789305141994,3.440378298582275,0.0003669073304849565,True,2.8276455221960197,0.00263144461492136,True,2.0315489993961333,0.02189223865923724,True
all,836,0.005506820045411587,0.005365968216210604,0.00552078802138567,0.009107041172683239,0.0036002208944410086,0.0037410729809811243,0.003586253195858458,5.641272167117929,1.1555569129296834e-08,True,7.292623551587692,3.5315576122846917e-13,True,6.703501269035278,1.8719152789068805e-11,True
