Split,samples,demo_mean_training_reward,policy_mean_excess_return,policy_mean_training_reward,demo_mean_raw_return,demo_mean_excess_return,demo_mean_excess_vs_equal_weight,demo_mean_excess_vs_restricted_random,policy_mean_raw_return,policy_mean_excess_vs_equal_weight,policy_mean_excess_vs_restricted_random,mean_abs_weight_error
train,668.0,0.01796882040798664,0.003714299062266946,0.004521551076322794,0.022624090313911438,0.017161568626761436,0.017730267718434334,0.017613517120480537,0.009176821447908878,0.004282998386770487,0.004166249185800552,0.1269003301858902
validation,168.0,0.023957690224051476,0.003146624192595482,0.0028735061641782522,0.02991376630961895,0.024230806156992912,0.022670459002256393,0.022364262491464615,0.008829583413898945,0.0015862740110605955,0.0012800788972526789,0.1339186280965805
all,836.0,0.01917232573032379,0.0036002208944410086,0.004190365318208933,0.02408900111913681,0.01858218014240265,0.018723033368587494,0.018568214029073715,0.009107041172683239,0.0037410729564726353,0.003586253384128213,0.12831071019172668
