Split,benchmark_component,equal_weight_component,restricted_random_component,raw_return_component,significance_component,significance_bonus,weight_error_penalty,composite_score
train,10.657254100449798,8.077989746518666,5.91124947477466,7.247990542112066,14.475780728511285,10.0,7.614019811153412,48.75624478121307
validation,9.14018133717125,3.1462032661210317,1.9096989836116853,7.078982707733681,10.903869160762468,10.0,8.03511768579483,34.143817769605285
all,10.357004729157154,7.151581769398102,5.160039060095809,7.214700364565861,14.622927334588386,10.0,7.698642611503601,46.80761064630171
