Split,samples,benchmark_mean_raw_return,equal_weight_mean_raw_return,restricted_random_mean_raw_return,policy_mean_raw_return,policy_mean_excess_return,policy_mean_excess_vs_equal_weight,policy_mean_excess_vs_restricted_random,t_statistic,p_value,significant_outperformance,equal_weight_t_statistic,equal_weight_p_value,equal_weight_significant_outperformance,restricted_random_t_statistic,restricted_random_p_value,restricted_random_significant_outperformance
train,216,0.01302450429648161,0.012162960134446621,0.012156402692198753,0.027339043095707893,0.014314538799226284,0.015176083478662703,0.015182640817430284,8.336663861061933,4.545107093715357e-15,True,11.034375076561233,5.036949260096939e-23,True,11.144940330006447,2.2947781160970074e-23,True
validation,54,0.009761350229382515,0.013781613670289516,0.014843463897705078,0.019433584064245224,0.009672234766185284,0.0056519707043965655,0.00459012058046129,2.876923292952207,0.002887234306487148,True,2.4093088980216977,0.009744608905793354,True,1.8594599309657838,0.034258327228945985,True
all,270,0.01237187348306179,0.012486690655350685,0.012693814933300018,0.02575794979929924,0.01338607631623745,0.013271259599261814,0.013064135445488824,8.744456543845866,1.2413132133607662e-16,True,10.907833855108446,1.7597258376765877e-23,True,10.690056067083145,9.202008720752318e-23,True
