Split,samples,demo_mean_training_reward,policy_mean_excess_return,policy_mean_training_reward,demo_mean_raw_return,demo_mean_excess_return,demo_mean_excess_vs_equal_weight,demo_mean_excess_vs_restricted_random,policy_mean_raw_return,policy_mean_excess_vs_equal_weight,policy_mean_excess_vs_restricted_random,mean_abs_weight_error
train,216.0,0.03739985451102257,0.014314538799226284,0.01604907400906086,0.0486898235976696,0.03566531836986542,0.036526862531900406,0.036533422768116,0.027339043095707893,0.015176082961261272,0.01518264040350914,0.13789424300193787
validation,54.0,0.04402366653084755,0.009672234766185284,0.008425869047641754,0.055031392723321915,0.045270029455423355,0.041249778121709824,0.04018792510032654,0.019433584064245224,0.005651970859616995,0.004590120632201433,0.17326200008392334
all,270.0,0.038724616169929504,0.01338607631623745,0.014524430967867374,0.04995813965797424,0.037586260586977005,0.03747144713997841,0.037264320999383926,0.02575794979929924,0.013271259143948555,0.013064135797321796,0.14496779441833496
