Split,benchmark_component,equal_weight_component,restricted_random_component,raw_return_component,significance_component,significance_bonus,weight_error_penalty,composite_score
train,26.75892473026638,18.165599233303883,13.625919972018043,9.915945336435708,14.965995603952871,10.0,8.273654580116272,85.15873029586062
validation,22.424448833073956,10.236465162525239,6.439180041894788,9.597994525373373,9.909746765958525,10.0,10.3957200050354,58.21211532379047
all,26.1401223464835,17.370902887267224,12.950476821654672,9.884862841513627,14.964659476159639,10.0,8.698067665100098,82.61295670797857
