Split,samples,benchmark_mean_raw_return,policy_mean_raw_return,policy_mean_excess_return,t_statistic,p_value,significant_outperformance
train,204,0.0063964021392166615,0.005084517411887646,-0.0013118842616677284,-0.4862019855934812,0.6863257975545847,False
validation,52,-0.008272363804280758,-0.0020477978978306055,0.006224565673619509,1.5097882290049804,0.06863431570275004,False
all,256,0.00341680902056396,0.006740267388522625,0.0033234581351280212,4.970508026479292,6.131911091658895e-07,True
