Split,samples,benchmark_mean_raw_return,equal_weight_mean_raw_return,restricted_random_mean_raw_return,policy_mean_raw_return,policy_mean_excess_return,policy_mean_excess_vs_equal_weight,policy_mean_excess_vs_restricted_random,t_statistic,p_value,significant_outperformance,equal_weight_t_statistic,equal_weight_p_value,equal_weight_significant_outperformance,restricted_random_t_statistic,restricted_random_p_value,restricted_random_significant_outperformance
train,501,0.005462522152811289,0.004893822595477104,0.0046898010186851025,0.011952769942581654,0.006490248721092939,0.007058948099970104,0.007262970040182392,9.397179822632905,9.994098187844223e-20,True,12.839233758614595,4.108583523440087e-33,True,12.955864416552625,1.3200545594112348e-33,True
validation,126,0.005682959221303463,0.007243309635668993,0.007359950803220272,0.009452641010284424,0.003769681556150317,0.00220933130809239,0.0020926902218470498,3.6555970247951,0.00018818857017917473,True,3.373696201323541,0.0004939984203056029,True,2.779852333626654,0.003139663970577901,True
all,627,0.005506820511072874,0.005365967750549316,0.0052263857796788216,0.011450352147221565,0.005943532567471266,0.0060843843402284565,0.0062239668205784455,10.060734125362538,1.7912089267328503e-22,True,13.086750621402095,4.57490123696489e-35,True,12.973197982331158,1.475017102241245e-34,True
