Split,samples,demo_mean_training_reward,policy_mean_excess_return,policy_mean_training_reward,demo_mean_raw_return,demo_mean_excess_return,demo_mean_excess_vs_equal_weight,demo_mean_excess_vs_restricted_random,policy_mean_raw_return,policy_mean_excess_vs_equal_weight,policy_mean_excess_vs_restricted_random,mean_abs_weight_error
train,501.0,0.025152727961540222,0.006490248721092939,0.007361655123531818,0.029743842780590057,0.024281321093440056,0.024850020185112953,0.025054043158888817,0.011952769942581654,0.007058948278427124,0.007262969855219126,0.15757998824119568
validation,126.0,0.031912364065647125,0.003769681556150317,0.003534474177286029,0.03783053532242775,0.03214757516980171,0.03058721497654915,0.030470577999949455,0.009452641010284424,0.002209331374615431,0.0020926902070641518,0.1790795624256134
all,627.0,0.026511123403906822,0.005943532567471266,0.006592556834220886,0.0313689187169075,0.02586209960281849,0.026002950966358185,0.026142533868551254,0.011450352147221565,0.006084384396672249,0.006223966833204031,0.16190047562122345
