Split,benchmark_component,equal_weight_component,restricted_random_component,raw_return_component,significance_component,significance_bonus,weight_error_penalty,composite_score
train,17.130394513251975,12.161922409854238,9.31192000038327,8.322083119951067,14.987962279423925,10.0,9.45479929447174,62.459483028392725
validation,10.80214776399013,4.348145343016289,3.094000915544312,7.3763148818323945,11.952652360302125,10.0,10.744773745536804,36.828487519148446
all,15.990578722950811,10.860538770563187,8.291917993569129,8.161026613637471,14.990205629869807,10.0,9.714028537273407,58.580239193317
