Split,samples,demo_mean_training_reward,policy_mean_excess_return,policy_mean_training_reward,demo_mean_raw_return,demo_mean_excess_return,demo_mean_excess_vs_equal_weight,demo_mean_excess_vs_restricted_random,policy_mean_raw_return,policy_mean_excess_vs_equal_weight,policy_mean_excess_vs_restricted_random,mean_abs_weight_error
train,288.0,0.026592841371893883,0.010427971370518208,0.012145326472818851,0.037899989634752274,0.02487548626959324,0.025737030431628227,0.025657689198851585,0.023452477529644966,0.01128951646387577,0.01121017336845398,0.12562328577041626
validation,72.0,0.03331330046057701,0.02336597815155983,0.02214251644909382,0.04429811239242554,0.03453676402568817,0.030516497790813446,0.029569178819656372,0.033127326518297195,0.019345713779330254,0.01839839480817318,0.12679263949394226
all,360.0,0.02793692983686924,0.013015571981668472,0.014144765213131905,0.039179615676403046,0.026807742193341255,0.02669292502105236,0.026439987123012543,0.025387445464730263,0.012900754809379578,0.01264781691133976,0.1258571594953537
