Split,benchmark_component,equal_weight_component,restricted_random_component,raw_return_component,significance_component,significance_bonus,weight_error_penalty,composite_score
train,13.480909574594454,9.875653759550922,7.180795457199281,7.763278852504536,14.793876687910597,10.0,8.71654361486435,54.37797071689544
validation,12.718098513073052,5.722054086724858,4.005588133409672,7.604399343090447,10.60990461635081,10.0,9.215011596679688,41.44503309596915
all,13.330027174540632,9.11135033312111,6.594693596087684,7.732258109662875,14.84480066833498,10.0,8.816236853599548,52.796893028147736
