Split,samples,benchmark_mean_raw_return,equal_weight_mean_raw_return,restricted_random_mean_raw_return,policy_mean_raw_return,policy_mean_excess_return,policy_mean_excess_vs_equal_weight,policy_mean_excess_vs_restricted_random,t_statistic,p_value,significant_outperformance,equal_weight_t_statistic,equal_weight_p_value,equal_weight_significant_outperformance,restricted_random_t_statistic,restricted_random_p_value,restricted_random_significant_outperformance
train,216,0.01302450429648161,0.012162960134446621,0.012156402692198753,0.030765140429139137,0.017740637063980103,0.018602181639936235,0.018608738978703816,10.173184304148542,2.1281997810569578e-20,True,13.504481105136126,8.40470690922574e-31,True,13.55437796141392,5.825261426514656e-31,True
validation,54,0.009761350229382515,0.013781613670289516,0.014843463897705078,0.022061383351683617,0.012300037778913975,0.00827977392408583,0.007217923800150554,3.020415731589801,0.0019394713300295112,True,2.9179797250261634,0.0025794575801774576,True,2.549302947919775,0.006861887389341891,True
all,270,0.01237187348306179,0.012486690655350685,0.012693814933300018,0.029024392366409302,0.016652517020702362,0.016537701421313816,0.016330577267540825,10.296698468094677,1.766177849851934e-21,True,13.099242641519709,5.846910725435148e-31,True,12.917554269616355,2.515688690194355e-30,True
