Split,samples,demo_mean_training_reward,policy_mean_excess_return,policy_mean_training_reward,demo_mean_raw_return,demo_mean_excess_return,demo_mean_excess_vs_equal_weight,demo_mean_excess_vs_restricted_random,policy_mean_raw_return,policy_mean_excess_vs_equal_weight,policy_mean_excess_vs_restricted_random,mean_abs_weight_error
train,216.0,0.03739985451102257,0.017740637063980103,0.019475171342492104,0.0486898235976696,0.03566531836986542,0.036526862531900406,0.036533422768116,0.030765140429139137,0.01860218122601509,0.018608737736940384,0.12249692529439926
validation,54.0,0.04402366653084755,0.012300037778913975,0.01105367112904787,0.055031392723321915,0.045270029455423355,0.041249778121709824,0.04018792510032654,0.022061383351683617,0.008279774338006973,0.007217923644930124,0.1599033772945404
all,270.0,0.038724616169929504,0.016652517020702362,0.01779087260365486,0.04995813965797424,0.037586260586977005,0.03747144713997841,0.037264320999383926,0.029024392366409302,0.016537701711058617,0.016330577433109283,0.129978209733963
