Split,benchmark_component,equal_weight_component,restricted_random_component,raw_return_component,significance_component,significance_bonus,weight_error_penalty,composite_score
train,28.321593228312075,19.053979970236256,14.291392909484472,9.957549669665397,14.992348435320087,10.0,7.349815517663956,89.26704869535433
validation,25.27741264412767,13.587769335308026,9.270274749922008,9.760355567128144,11.049495815158098,10.0,9.594202637672424,69.35110547397153
all,27.927633623825308,18.587463315700436,13.897437018062202,9.939924579100332,14.990616299621434,10.0,7.798692584037781,87.54438225227194
