Split,samples,demo_mean_training_reward,policy_mean_excess_return,policy_mean_training_reward,demo_mean_raw_return,demo_mean_excess_return,demo_mean_excess_vs_equal_weight,demo_mean_excess_vs_restricted_random,policy_mean_raw_return,policy_mean_excess_vs_equal_weight,policy_mean_excess_vs_restricted_random,mean_abs_weight_error
train,1360.0,0.012488390319049358,9.044829494087026e-05,0.0005448802257888019,0.01481668557971716,0.012033958919346333,0.012307366356253624,0.012504647485911846,0.002873173449188471,0.0003638546331785619,0.0005611357628367841,0.16602542996406555
validation,340.0,0.014819306321442127,0.002101142192259431,0.0020134281367063522,0.01726744882762432,0.014907021075487137,0.01413040328770876,0.014453164301812649,0.004461568780243397,0.001324523938819766,0.0016472849529236555,0.16367419064044952
all,1700.0,0.012954575009644032,0.0004925871035084128,0.000838589679915458,0.015306837856769562,0.012608572840690613,0.012671973556280136,0.012894350104033947,0.003190852701663971,0.0005559884593822062,0.0007783655310049653,0.1655551791191101
