Split,samples,benchmark_mean_raw_return,equal_weight_mean_raw_return,restricted_random_mean_raw_return,policy_mean_raw_return,policy_mean_excess_return,policy_mean_excess_vs_equal_weight,policy_mean_excess_vs_restricted_random,t_statistic,p_value,significant_outperformance,equal_weight_t_statistic,equal_weight_p_value,equal_weight_significant_outperformance,restricted_random_t_statistic,restricted_random_p_value,restricted_random_significant_outperformance
train,836,0.005521585699170828,0.004950107540935278,0.005147391930222511,0.012238798663020134,0.006717214360833168,0.007288692171493786,0.007091407998326863,8.412708070199134,8.629295627994574e-17,True,10.748776792907407,1.2476036544061827e-25,True,10.288128696175324,9.344343367424343e-24,True
validation,209,0.005447760224342346,0.007029411382973194,0.00723584508523345,0.00961302500218153,0.0041652643121778965,0.0025836132359846925,0.0023771795359524813,4.971305987240826,6.940961550178711e-07,True,4.3315883994776385,1.1511663511410252e-05,True,3.434278433446542,0.0003585120366376261,True
all,1045,0.005506820511072874,0.005365968681871891,0.0055650826543569565,0.011713643558323383,0.006206823978573084,0.006347676213278155,0.0061485621347381735,9.390296557593532,1.816337999028348e-20,True,11.368198980320201,1.2872614171922588e-28,True,10.760588535556856,5.542756706740653e-26,True
