Split,samples,demo_mean_training_reward,policy_mean_excess_return,policy_mean_training_reward,demo_mean_raw_return,demo_mean_excess_return,demo_mean_excess_vs_equal_weight,demo_mean_excess_vs_restricted_random,policy_mean_raw_return,policy_mean_excess_vs_equal_weight,policy_mean_excess_vs_restricted_random,mean_abs_weight_error
train,836.0,0.01938610151410103,0.006717214360833168,0.007515655364841223,0.02410924807190895,0.018587661907076836,0.019159138202667236,0.01896185427904129,0.012238798663020134,0.007288692053407431,0.007091408129781485,0.14704358577728271
validation,209.0,0.025553397834300995,0.0041652643121778965,0.003877928014844656,0.03128849342465401,0.02584073692560196,0.024259082973003387,0.024052651599049568,0.00961302500218153,0.0025836131535470486,0.0023771794512867928,0.15681715309619904
all,1045.0,0.02061956189572811,0.006206823978573084,0.006788108963519335,0.025545096024870872,0.02003827691078186,0.020179128274321556,0.019980013370513916,0.011713643558323383,0.006347676273435354,0.006148562300950289,0.14899832010269165
