Split,benchmark_component,equal_weight_component,restricted_random_component,raw_return_component,significance_component,significance_bonus,weight_error_penalty,composite_score
train,17.583333022717014,12.447461219204888,9.152066522801993,8.407949399291223,14.956915775085537,10.0,8.822615146636963,63.725110792463695
validation,11.820003258901982,5.055243712890414,3.5000865924981737,7.448572871179272,13.329030112223798,10.0,9.409029185771942,41.7439073619217
all,16.548089242171592,11.226527149532828,8.213047148885094,8.247090576485709,14.97278402425409,10.0,8.939899206161499,60.26763893516781
