Split,samples,benchmark_mean_raw_return,equal_weight_mean_raw_return,restricted_random_mean_raw_return,policy_mean_raw_return,policy_mean_excess_return,policy_mean_excess_vs_equal_weight,policy_mean_excess_vs_restricted_random,t_statistic,p_value,significant_outperformance,equal_weight_t_statistic,equal_weight_p_value,equal_weight_significant_outperformance,restricted_random_t_statistic,restricted_random_p_value,restricted_random_significant_outperformance
train,510,0.0017280357424169779,0.002024249406531453,0.00189441186375916,0.081391841173172,0.07966380566358566,0.07936759205425487,0.07949742955320022,32.76874750457546,8.661186656511591e-128,True,34.14197325063036,4.95497818631658e-134,True,34.04656939611684,1.3353754141416708e-133,True
validation,128,0.0014407704584300518,0.0016269180923700333,0.001778656616806984,0.09985823184251785,0.09841746836900711,0.09823131700977683,0.09807957848533988,11.574660257456133,6.722786222003918e-22,True,11.776466016193547,2.140448207608553e-22,True,11.828779196741785,1.591229750501128e-22,True
all,638,0.0016704025911167264,0.0019445341313257813,0.0018711882876232266,0.08509669452905655,0.08342629671096802,0.08315216383216523,0.08322550958974234,32.09760342019914,1.6347349344886767e-135,True,33.064681495182924,1.1935869724003674e-140,True,33.106921702700824,7.13482369055165e-141,True
