Split,samples,benchmark_mean_raw_return,policy_mean_raw_return,policy_mean_excess_return,t_statistic,p_value,significant_outperformance
train,204,0.0063964021392166615,0.004019228741526604,-0.0023771733976900578,-1.2812214174525791,0.8992112239081208,False
validation,52,-0.008272363804280758,-0.004023932386189699,0.004248430952429771,1.2134751910135408,0.1152691858909208,False
all,256,0.00341680902056396,0.005305382423102856,0.001888573169708252,3.549042190109867,0.00023008609361353005,True
