Split,samples,benchmark_mean_raw_return,equal_weight_mean_raw_return,restricted_random_mean_raw_return,policy_mean_raw_return,policy_mean_excess_return,policy_mean_excess_vs_equal_weight,policy_mean_excess_vs_restricted_random,t_statistic,p_value,significant_outperformance,equal_weight_t_statistic,equal_weight_p_value,equal_weight_significant_outperformance,restricted_random_t_statistic,restricted_random_p_value,restricted_random_significant_outperformance
train,201,0.013365117833018303,0.012232746928930283,0.012314815074205399,0.031325217336416245,0.017960097640752792,0.019092467293810488,0.019010398518386765,10.955537565930586,1.7541578404514475e-22,True,14.624078159048878,1.0197511256336933e-33,True,14.376235205990664,5.927961261272875e-33,True
validation,51,0.006827694363892078,0.01227791141718626,0.01318887434899807,0.023988232016563416,0.017160538583993912,0.011710321201997645,0.010799358872806324,4.538168290203807,1.7917467801577316e-05,True,4.539354558607955,1.7846333106686364e-05,True,4.2703366098785205,4.3571687938626014e-05,True
all,252,0.01204206608235836,0.012241887860000134,0.012491708621382713,0.02984035015106201,0.017798280343413353,0.01759846153713408,0.017348640494876437,11.774496797055859,4.497018271372717e-26,True,14.945003903305725,7.4227650133769175e-37,True,14.597129085426188,1.1742661209546524e-35,True
