Split,samples,demo_mean_training_reward,policy_mean_excess_return,policy_mean_training_reward,demo_mean_raw_return,demo_mean_excess_return,demo_mean_excess_vs_equal_weight,demo_mean_excess_vs_restricted_random,policy_mean_raw_return,policy_mean_excess_vs_equal_weight,policy_mean_excess_vs_restricted_random,mean_abs_weight_error
train,201.0,0.03731006011366844,0.017960097640752792,0.01984637975692749,0.048788897693157196,0.03542378172278404,0.036556147038936615,0.0364740826189518,0.031325217336416245,0.019092466682195663,0.019010398536920547,0.1144711896777153
validation,51.0,0.045190002769231796,0.017160538583993912,0.014936007559299469,0.054242223501205444,0.04741453006863594,0.04196431487798691,0.041053351014852524,0.023988232016563416,0.01171032153069973,0.01079935859888792,0.15645146369934082
all,252.0,0.038904812186956406,0.017798280343413353,0.018852613866329193,0.049892548471689224,0.037850476801395416,0.037650659680366516,0.03740083426237106,0.02984035015106201,0.017598463222384453,0.0173486415296793,0.1229672059416771
