Split,benchmark_component,equal_weight_component,restricted_random_component,raw_return_component,significance_component,significance_bonus,weight_error_penalty,composite_score
train,28.391736769374003,19.140442192373833,14.344895869529154,9.962039571559611,14.995822406290621,10.0,6.868271380662918,89.9666654284643
validation,28.121583077483137,16.492055226183172,11.897629809326707,9.83636704373501,13.530694951713244,10.0,9.38708782196045,80.49124228648081
all,28.34029971779879,18.84971645717741,14.094421790895591,9.948947137493194,14.996912454460649,10.0,7.378032356500626,88.852265201325
