Split,samples,benchmark_mean_raw_return,equal_weight_mean_raw_return,restricted_random_mean_raw_return,policy_mean_raw_return,policy_mean_excess_return,policy_mean_excess_vs_equal_weight,policy_mean_excess_vs_restricted_random,t_statistic,p_value,significant_outperformance,equal_weight_t_statistic,equal_weight_p_value,equal_weight_significant_outperformance,restricted_random_t_statistic,restricted_random_p_value,restricted_random_significant_outperformance
train,72,0.013024505227804184,0.012162960134446621,0.0126133281737566,0.0486898235976696,0.03566531836986542,0.03652686460150613,0.036076496872637004,10.1064882138564,1.0984299362733552e-15,True,12.236123341563848,1.855047997027527e-19,True,11.649133518828368,1.9363435494234363e-18,True
validation,18,0.009761350229382515,0.013781613670289516,0.013619039207696915,0.05503138527274132,0.04527003690600395,0.04124977191289266,0.04141234689288669,4.7750049801783705,8.795631307922118e-05,True,5.710379976895153,1.2756956248009071e-05,True,5.375861523745605,2.51510099576012e-05,True
all,90,0.01237187348306179,0.012486690655350685,0.012814470566809177,0.04995814338326454,0.037586260586977005,0.037471446063783435,0.037143666876686944,11.060810460397338,1.0624873153108459e-18,True,13.4856617226409,1.5837305572107172e-23,True,12.78601908446527,3.676154422301327e-22,True
