Split,samples,benchmark_mean_raw_return,equal_weight_mean_raw_return,restricted_random_mean_raw_return,policy_mean_raw_return,policy_mean_excess_return,policy_mean_excess_vs_equal_weight,policy_mean_excess_vs_restricted_random,t_statistic,p_value,significant_outperformance,equal_weight_t_statistic,equal_weight_p_value,equal_weight_significant_outperformance,restricted_random_t_statistic,restricted_random_p_value,restricted_random_significant_outperformance
train,1440,0.0016732722287997603,0.0015683472156524658,0.001549775362946093,0.0016017586458474398,-7.151365571189672e-05,3.341113527615865e-05,5.1983073353767396e-05,-0.6535335445709193,0.7432416092213086,False,0.6854091855857626,0.24659807275717155,False,0.6717321855418001,0.250931015377592,False
validation,360,0.0018674626480787992,0.002351722214370966,0.0022561701480299234,0.002673836424946785,0.0008063736604526639,0.00032211409674750435,0.00041766630278693303,2.418704424259226,0.008036313002909704,True,1.9768427176379926,0.02441212216495682,True,1.8067883649462209,0.035816219635101294,True
all,1800,0.0017121103592216969,0.0017250222153961658,0.0016910543199628592,0.0018161741318181157,0.00010406381625216454,9.115172757042778e-05,0.00012511971924040053,0.9434270989574502,0.17279458273148235,False,1.7918991030419638,0.03665856658045305,True,1.6184126967690664,0.052874490259969396,False
