Split,samples,demo_mean_training_reward,policy_mean_excess_return,policy_mean_training_reward,demo_mean_raw_return,demo_mean_excess_return,demo_mean_excess_vs_equal_weight,demo_mean_excess_vs_restricted_random,policy_mean_raw_return,policy_mean_excess_vs_equal_weight,policy_mean_excess_vs_restricted_random,mean_abs_weight_error
train,1440.0,0.00990693736821413,-7.151365571189672e-05,0.00015199034532997757,0.01135670579969883,0.00968343298882246,0.00978835765272379,0.009806930087506771,0.0016017586458474398,3.341113551869057e-05,5.198307189857587e-05,0.12751971185207367
validation,360.0,0.012870571576058865,0.0008063736604526639,0.0007701006252318621,0.014774306677281857,0.012906845659017563,0.012422585859894753,0.012518138624727726,0.002673836424946785,0.0003221140941604972,0.000417666306020692,0.13008317351341248
all,1800.0,0.010499663650989532,0.00010406381625216454,0.00027561240131035447,0.012040224857628345,0.010328114964067936,0.010315204039216042,0.010349171236157417,0.0018161741318181157,9.11517272470519e-05,0.0001251197245437652,0.12803241610527039
