Split,samples,benchmark_mean_raw_return,equal_weight_mean_raw_return,restricted_random_mean_raw_return,policy_mean_raw_return,policy_mean_excess_return,policy_mean_excess_vs_equal_weight,policy_mean_excess_vs_restricted_random,t_statistic,p_value,significant_outperformance,equal_weight_t_statistic,equal_weight_p_value,equal_weight_significant_outperformance,restricted_random_t_statistic,restricted_random_p_value,restricted_random_significant_outperformance
train,67,0.013365117833018303,0.012232747860252857,0.012820431031286716,0.048788897693157196,0.03542378172278404,0.036556149596598614,0.0359684664811661,10.39593223571848,7.758797180120625e-16,True,12.600827095991548,1.5821591363148393e-19,True,11.996935599719258,1.5321684048620168e-18,True
validation,17,0.006827694363892078,0.01227791141718626,0.012856125831604004,0.054242223501205444,0.04741453006863594,0.04196431356317857,0.04138609942267923,4.840641538345661,9.036551001783773e-05,True,5.504051326510115,2.4036253984741745e-05,True,5.065227854658771,5.738168705539288e-05,True
all,84,0.01204206794500351,0.012241888791322708,0.012827654369175434,0.04989255219697952,0.037850476801395416,0.03765065897078741,0.03706489219551995,11.216800415798817,1.3129819859733393e-18,True,13.601283312196161,3.9153627975403116e-23,True,12.817053615888003,1.1244692599158692e-21,True
