Split,samples,benchmark_mean_raw_return,equal_weight_mean_raw_return,restricted_random_mean_raw_return,markowitz_mean_raw_return,policy_mean_raw_return,policy_mean_excess_return,policy_mean_excess_vs_equal_weight,policy_mean_excess_vs_restricted_random,policy_mean_excess_vs_markowitz,t_statistic,p_value,significant_outperformance,equal_weight_t_statistic,equal_weight_p_value,equal_weight_significant_outperformance,restricted_random_t_statistic,restricted_random_p_value,restricted_random_significant_outperformance,markowitz_t_statistic,markowitz_p_value,markowitz_significant_outperformance
train,849,0.0003659518843051046,0.0007049430860206485,0.0006842418224550784,0.0011662788456305861,0.0007049856358207762,0.0003390337515156716,4.254465810822935e-08,2.074382049596492e-05,-0.00046129319356102825,3.7956341212479328,7.88730253361562e-05,True,7.3232886939494595,2.8142544796546057e-13,True,0.3571178579746588,0.360546213358521,False,-2.4304324883681994,0.9923563662988899,False
validation,213,0.0024871439673006535,0.0019568020943552256,0.0020907758735120296,0.00032332749105989933,0.0019568237476050854,-0.0005303201614879072,2.182705301634023e-08,-0.00013395206469325394,0.0016334963516450264,-3.0244096076774962,0.998600599071539,False,1.6622956719928081,0.048965665729351626,True,-1.1349643484464902,0.8711640813874016,False,6.459705847921327,3.532023593215445e-10,True
all,1062,0.0007913887384347618,0.0009560221224091947,0.0009663432720117271,0.0009972123662009835,0.0009560605394653976,0.00016467180103063583,3.838943222821769e-08,-1.0282755347070496e-05,-4.115178760162181e-05,2.0513326654451665,0.020239837496481457,True,7.186083743185458,6.273535440991519e-13,True,-0.19724662332760623,0.578163837000584,False,-0.2540288444146276,0.6002387530082989,False
