Portfolio,annualized_return,annualized_volatility,sharpe_ratio,sortino_ratio,max_drawdown,calmar_ratio
portfolio,0.12953085540273213,0.1615134735045384,0.8019817331158593,0.9799130303099002,-0.3060558475206302,0.4232262067595388
equal_weight,0.12953085540273257,0.1615134735045384,0.8019817331158621,0.9799130303099038,-0.3060558475206302,0.42322620675954026
benchmark,0.13272572302539265,0.17935576566264042,0.7400136958799717,0.8986479847536099,-0.3371725334437188,0.39364334238556054
