Split,samples,benchmark_mean_raw_return,equal_weight_mean_raw_return,restricted_random_mean_raw_return,policy_mean_raw_return,policy_mean_excess_return,policy_mean_excess_vs_equal_weight,policy_mean_excess_vs_restricted_random,t_statistic,p_value,significant_outperformance,equal_weight_t_statistic,equal_weight_p_value,equal_weight_significant_outperformance,restricted_random_t_statistic,restricted_random_p_value,restricted_random_significant_outperformance
train,1440,0.0015687389532104135,0.0014512953348457813,0.001490498543716967,0.0017416112823411822,0.0001728721399558708,0.0002903159707784653,0.0002511126713620292,1.4188409363829408,0.07808097192947733,False,4.50676521019785,3.5577565197276017e-06,True,2.8273835820378945,0.0023789892560838423,True
validation,360,0.0017314078286290169,0.0021964209154248238,0.002220108872279525,0.002256050705909729,0.0005246428772807121,5.9629811180962456e-05,3.594193193647597e-05,2.168679455753094,0.015381557679236203,True,2.0285398811974518,0.021621464399865578,True,0.2383353652822337,0.40587848705303475,False
all,1800,0.001601272844709456,0.001600320334546268,0.0016364206094294786,0.0018444991437718272,0.00024322628451045603,0.0002441787388589647,0.00020807852347691855,2.23469887919125,0.012779744371505237,True,4.703902216909912,1.37350214318343e-06,True,2.695417607827155,0.003547754773966863,True
