Split,samples,demo_mean_training_reward,policy_mean_excess_return,policy_mean_training_reward,demo_mean_raw_return,demo_mean_excess_return,demo_mean_excess_vs_equal_weight,demo_mean_excess_vs_restricted_random,policy_mean_raw_return,policy_mean_excess_vs_equal_weight,policy_mean_excess_vs_restricted_random,mean_abs_weight_error
train,1440.0,0.013842862099409103,0.0001728721399558708,0.00038062731618992984,0.015203846618533134,0.01363510824739933,0.01375255174934864,0.013713349588215351,0.0017416112823411822,0.00029031597659923136,0.0002511126804165542,0.1787574291229248
validation,360.0,0.01628834754228592,0.0005246428772807121,0.00046053959522396326,0.018083859235048294,0.016352448612451553,0.015887437388300896,0.015863750129938126,0.002256050705909729,5.9629812312778085e-05,3.594193185563199e-05,0.1797250509262085
all,1800.0,0.014331959187984467,0.00024322628451045603,0.00039660974289290607,0.015779849141836166,0.014178575947880745,0.014179528690874577,0.014143428765237331,0.0018444991437718272,0.0002441787510178983,0.00020807851979043335,0.1789509505033493
