Split,benchmark_component,equal_weight_component,restricted_random_component,raw_return_component,significance_component,significance_bonus,weight_error_penalty,composite_score
train,0.5185647635894206,0.5804688711577457,0.3765898542287911,1.7242134288833555,11.24736987699817,6.666666666666666,10.725445747375488,10.388427714148662
validation,1.5724861397062604,0.11925820887151424,0.05391266575293686,2.2185383461043076,6.847006935076447,6.666666666666666,10.78350305557251,6.694365906605622
all,0.7295349972732366,0.48826044264950763,0.3120727474774626,1.8238622309630916,11.844440842677672,10.0,10.737057030200958,14.46111423084001
