Split,samples,benchmark_mean_raw_return,equal_weight_mean_raw_return,restricted_random_mean_raw_return,policy_mean_raw_return,policy_mean_excess_return,policy_mean_excess_vs_equal_weight,policy_mean_excess_vs_restricted_random,t_statistic,p_value,significant_outperformance,equal_weight_t_statistic,equal_weight_p_value,equal_weight_significant_outperformance,restricted_random_t_statistic,restricted_random_p_value,restricted_random_significant_outperformance
train,216,0.01302450429648161,0.012162960134446621,0.012156402692198753,0.028106389567255974,0.01508188433945179,0.01594342953628964,0.01594998687505722,9.414621158053246,3.811801541084758e-18,True,12.817185598959156,1.2947987541691592e-28,True,12.720380288298156,2.626265034428049e-28,True
validation,54,0.009761350229382515,0.013781613670289516,0.014843463897705078,0.02464398369193077,0.014882635325193405,0.01086237143587183,0.009800521311936554,3.339567725505033,0.0007708363365538798,True,3.5546917276585472,0.0004027577384764658,True,3.4694623494370433,0.0005221719479724352,True
all,270,0.01237187348306179,0.012486690655350685,0.012693814933300018,0.027413908392190933,0.015042034909129143,0.014927218357721964,0.014720094203948975,9.6623833320484,1.8735582568635359e-19,True,12.740753536059675,1.0361837041000025e-29,True,12.705668484708095,1.371518854034209e-29,True
