Split,samples,demo_mean_training_reward,policy_mean_excess_return,policy_mean_training_reward,demo_mean_raw_return,demo_mean_excess_return,demo_mean_excess_vs_equal_weight,demo_mean_excess_vs_restricted_random,policy_mean_raw_return,policy_mean_excess_vs_equal_weight,policy_mean_excess_vs_restricted_random,mean_abs_weight_error
train,216.0,0.03739985451102257,0.01508188433945179,0.01681642048060894,0.0486898235976696,0.03566531836986542,0.036526862531900406,0.036533422768116,0.028106389567255974,0.015943430364131927,0.01594998687505722,0.12482091039419174
validation,54.0,0.04402366653084755,0.014882635325193405,0.013636267744004726,0.055031392723321915,0.045270029455423355,0.041249778121709824,0.04018792510032654,0.02464398369193077,0.010862371884286404,0.009800521656870842,0.15614457428455353
all,270.0,0.038724616169929504,0.015042034909129143,0.016180388629436493,0.04995813965797424,0.037586260586977005,0.03747144713997841,0.037264320999383926,0.027413908392190933,0.014927217736840248,0.01472009439021349,0.13108564913272858
