Split,benchmark_component,equal_weight_component,restricted_random_component,raw_return_component,significance_component,significance_bonus,weight_error_penalty,composite_score
train,27.19851116787779,18.416251236224966,13.8136836225504,9.927860902610494,14.987302861458733,10.0,7.4892546236515045,86.85435516707088
validation,27.090141696842053,15.910012663979472,11.296327067203526,9.856335365147162,12.27387795453948,10.0,9.368674457073212,77.0580202906385
all,27.177149062985578,18.07648685485279,13.499401189609637,9.917189344264418,14.987736994280917,10.0,7.865138947963715,85.79282449802963
