Split,samples,benchmark_mean_raw_return,policy_mean_raw_return,policy_mean_excess_return,t_statistic,p_value,significant_outperformance
train,204,0.0031942236237227917,0.0023028708528727293,-0.000891353003680706,-0.4019101147081482,0.655913498034576,False
validation,52,0.0029680030420422554,0.002369094407185912,-0.0005989086348563433,-0.06835336664193253,0.5271141829228385,False
all,256,0.0031482726335525513,0.00425745127722621,0.0011091786436736584,0.5272078596749212,0.2992538064011509,False
