Split,samples,benchmark_mean_raw_return,equal_weight_mean_raw_return,restricted_random_mean_raw_return,policy_mean_raw_return,policy_mean_excess_return,policy_mean_excess_vs_equal_weight,policy_mean_excess_vs_restricted_random,t_statistic,p_value,significant_outperformance,equal_weight_t_statistic,equal_weight_p_value,equal_weight_significant_outperformance,restricted_random_t_statistic,restricted_random_p_value,restricted_random_significant_outperformance
train,1656,0.0005435029161162674,0.00048602139577269554,0.0005533498479053378,0.00853964313864708,0.00799614004790783,0.008053621484173669,0.00798629303485299,38.702675469801505,3.355505415978633e-234,True,45.12539709029048,6.834337087543484e-291,True,44.64822483576448,1.0758338471501572e-286,True
validation,414,0.0006223958916962147,0.0007824557833373547,0.0009067024220712483,0.009809290990233421,0.009186896495521069,0.009026836369924499,0.008902589768027339,19.437289092772456,1.5628775625222764e-60,True,23.206590138984843,3.659549747574936e-77,True,23.162519749293956,5.709364515738733e-77,True
all,2070,0.0005592814995907247,0.0005453082849271595,0.0006240202928893268,0.008793572895228863,0.008234291337430477,0.008248264461323835,0.00816955238148786,43.19303999486916,2.1376372495705493e-291,True,50.67187410376009,0.0,True,50.24499291390637,0.0,True
