Split,samples,benchmark_mean_raw_return,equal_weight_mean_raw_return,restricted_random_mean_raw_return,policy_mean_raw_return,policy_mean_excess_return,policy_mean_excess_vs_equal_weight,policy_mean_excess_vs_restricted_random,t_statistic,p_value,significant_outperformance,equal_weight_t_statistic,equal_weight_p_value,equal_weight_significant_outperformance,restricted_random_t_statistic,restricted_random_p_value,restricted_random_significant_outperformance
train,1440,0.0016732722287997603,0.0015683472156524658,0.001549775362946093,0.0015699972864240408,-0.00010327494237571955,1.649848288959927e-06,2.022178636656867e-05,-1.1526304659132591,0.8753732357053376,False,2.2513825668268477,0.012255830277256078,True,0.32917815485214397,0.3710344681160312,False
validation,360,0.0018674626480787992,0.002351722214370966,0.0022561701480299234,0.002354191616177559,0.0004867288807872683,2.469287978278266e-06,9.802149401770698e-05,1.965142014731822,0.025084239505954696,True,2.631425473042369,0.004434701006085461,True,0.7044727085140499,0.24079758860065265,False
all,1800,0.0017121103592216969,0.0017250222153961658,0.0016910543199628592,0.0017268360825255513,1.4725824257766362e-05,1.813736226823595e-06,3.578172789679633e-05,0.16873285696844678,0.4330128707235337,False,2.946737869537773,0.0016263839906796645,True,0.6337151456661255,0.2631736492493601,False
