Split,samples,demo_mean_training_reward,policy_mean_excess_return,policy_mean_training_reward,demo_mean_raw_return,demo_mean_excess_return,demo_mean_excess_vs_equal_weight,demo_mean_excess_vs_restricted_random,policy_mean_raw_return,policy_mean_excess_vs_equal_weight,policy_mean_excess_vs_restricted_random,mean_abs_weight_error
train,1440.0,0.00990693736821413,-0.00010327494237571955,0.00012022904411423951,0.01135670579969883,0.00968343298882246,0.00978835765272379,0.009806930087506771,0.0015699972864240408,1.6498482864335529e-06,2.0221787053742446e-05,0.12666282057762146
validation,360.0,0.012870571576058865,0.0004867288807872683,0.000450455816462636,0.014774306677281857,0.012906845659017563,0.012422585859894753,0.012518138624727726,0.002354191616177559,2.4692878923815442e-06,9.802149725146592e-05,0.12930959463119507
all,1800.0,0.010499663650989532,1.4725824257766362e-05,0.000186274410225451,0.012040224857628345,0.010328114964067936,0.010315204039216042,0.010349171236157417,0.0017268360825255513,1.8137362758352538e-06,3.5781726182904094e-05,0.1271921843290329
