Split,benchmark_component,equal_weight_component,restricted_random_component,raw_return_component,significance_component,significance_bonus,weight_error_penalty,composite_score
train,-0.309813812587369,0.0032996965479806144,0.03033263820439113,1.557223637841295,2.3601134753752806,3.333333333333333,7.599769234657288,-0.6252802659423757
validation,1.4590346489299815,0.004938575856181902,0.14702753215042855,2.311643141107606,7.937688470812657,6.666666666666666,7.758575677871704,10.76842335765182
all,0.044177440840391595,0.0036274724138702723,0.053672362783902215,1.7098738400871984,5.910632361763952,3.333333333333333,7.631531059741974,3.4237857514806738
