Split,benchmark_component,equal_weight_component,restricted_random_component,raw_return_component,significance_component,significance_bonus,weight_error_penalty,composite_score
train,-0.214537309857014,0.0668220219068767,0.07797390768456404,1.5881993770045204,1.1702964365626956,0.0,7.65118271112442,-4.962428277822777
validation,2.413891231440449,0.6440054742590524,0.6261354089176726,2.611886349434123,8.961519487047397,10.0,7.8049904108047485,17.452447540293946
all,0.312180179884822,0.18229840633094158,0.18766978576276258,1.7964653628030884,6.738612664534182,3.333333333333333,7.681944966316223,4.868614766332907
