Split,samples,benchmark_mean_raw_return,equal_weight_mean_raw_return,restricted_random_mean_raw_return,policy_mean_raw_return,policy_mean_excess_return,policy_mean_excess_vs_equal_weight,policy_mean_excess_vs_restricted_random,t_statistic,p_value,significant_outperformance,equal_weight_t_statistic,equal_weight_p_value,equal_weight_significant_outperformance,restricted_random_t_statistic,restricted_random_p_value,restricted_random_significant_outperformance
train,1440,0.0027093938551843166,0.0024270808789879084,0.002306615235283971,0.002427395200356841,-0.00028199880034662783,3.1433171696133085e-07,0.00012077983054849836,-2.4904819920214107,0.9935654722297521,False,0.012697331556837046,0.49493551373538724,False,1.3849150474899272,0.08314655631439517,False
validation,360,0.0024596410803496838,0.003182363463565707,0.0029067760333418846,0.0033390827011317015,0.0008794415043666959,0.0001567189892133077,0.00043230636252297294,2.9243918017428254,0.0018352272921105838,True,1.8155152613043342,0.035139469690689006,True,2.0521215379335827,0.020441312552602148,True
all,1800,0.0026594435330480337,0.002578137209638953,0.0024266475811600685,0.0026097327936440706,-4.971073576598428e-05,3.15952632162306e-05,0.00018308513694339327,-0.4550519504522368,0.6754366131652478,False,1.201297569022545,0.11489696076774408,False,2.2456655868093898,0.012423201607510707,True
