Split,samples,demo_mean_training_reward,policy_mean_excess_return,policy_mean_training_reward,demo_mean_raw_return,demo_mean_excess_return,demo_mean_excess_vs_equal_weight,demo_mean_excess_vs_restricted_random,policy_mean_raw_return,policy_mean_excess_vs_equal_weight,policy_mean_excess_vs_restricted_random,mean_abs_weight_error
train,1440.0,0.013332372531294823,-0.00028199880034662783,0.00015419028932228684,0.015605577267706394,0.01289618294686079,0.01317849662154913,0.013298962265253067,0.002427395200356841,3.1433171443495667e-07,0.0001207798341056332,0.1398506611585617
validation,360.0,0.015686005353927612,0.0008794415043666959,0.0008191617671400309,0.018205923959612846,0.015746284276247025,0.01502356119453907,0.015299147926270962,0.0033390827011317015,0.00015671899018343538,0.0004323063767515123,0.1412353366613388
all,1800.0,0.013803099282085896,-4.971073576598428e-05,0.00028718457906506956,0.016125647351145744,0.013466203585267067,0.013547509908676147,0.013698999769985676,0.0026097327936440706,3.159526386298239e-05,0.00018308513972442597,0.14012759923934937
