Split,benchmark_component,equal_weight_component,restricted_random_component,raw_return_component,significance_component,significance_bonus,weight_error_penalty,composite_score
train,-0.8457722175329084,0.0006286634337156125,0.18116093679634937,2.380816658316265,-1.8125492788282584,0.0,8.391039669513702,-8.486754907328539
validation,2.6315437365466336,0.31341231994561025,0.6480558794757767,3.2202814751327375,9.568899845744408,10.0,8.474120199680328,17.908073057164838
all,-0.14913097887964422,0.06319031616457921,0.2745970243066608,2.552056481538187,4.810599818399758,3.333333333333333,8.407655954360962,2.47699004050191
