Split,benchmark_component,equal_weight_component,restricted_random_component,raw_return_component,significance_component,significance_bonus,weight_error_penalty,composite_score
train,-0.43126740224874127,0.2770771456622692,0.3884325442319708,2.510778394337445,5.922437023119141,6.666666666666666,8.216663897037506,7.117460474731244
validation,2.834964270343808,0.45011124231697264,0.75039457579137,3.2814297514148794,10.772533984651,10.0,8.297645151615143,19.79178867290289
all,0.2236478871115868,0.3116881138507097,0.460874716079831,2.667851434042219,9.725989737524163,6.666666666666666,8.23286086320877,11.823857692066404
