Split,samples,benchmark_mean_raw_return,equal_weight_mean_raw_return,restricted_random_mean_raw_return,policy_mean_raw_return,policy_mean_excess_return,policy_mean_excess_vs_equal_weight,policy_mean_excess_vs_restricted_random,t_statistic,p_value,significant_outperformance,equal_weight_t_statistic,equal_weight_p_value,equal_weight_significant_outperformance,restricted_random_t_statistic,restricted_random_p_value,restricted_random_significant_outperformance
train,1360,0.002782725263386965,0.0025093189906328917,0.0023120378609746695,0.002527062315493822,-0.0002556628896854818,1.7743426210740033e-05,0.00021502454491222607,-2.1486984725738796,0.9840827323531376,False,0.7946901271493058,0.21346626637806307,False,2.392476285732241,0.008435125674783312,True
validation,340,0.002360426587983966,0.0031370450742542744,0.002814284060150385,0.0032036900520324707,0.000843263347633183,6.664500517003676e-05,0.00038940608501434324,2.8273360475088722,0.0024862498320487804,True,2.1129291601179125,0.01766869365860864,True,1.953156247447297,0.025811744963445203,True
all,1700,0.0026982654817402363,0.002634864067658782,0.00241248682141304,0.002662387676537037,-3.587764877011068e-05,2.752374200259938e-05,0.0002499008529326495,-0.3180749675978811,0.6247664192679916,False,1.4527898242603887,0.07323338763841365,False,3.039898905303481,0.0012013591222526654,True
