Split,samples,demo_mean_training_reward,policy_mean_excess_return,policy_mean_training_reward,demo_mean_raw_return,demo_mean_excess_return,demo_mean_excess_vs_equal_weight,demo_mean_excess_vs_restricted_random,policy_mean_raw_return,policy_mean_excess_vs_equal_weight,policy_mean_excess_vs_restricted_random,mean_abs_weight_error
train,1360.0,0.012488390319049358,-0.0002556628896854818,0.0001987690047826618,0.01481668557971716,0.012033958919346333,0.012307366356253624,0.012504647485911846,0.002527062315493822,1.774342672433704e-05,0.000215024541830644,0.1272783726453781
validation,340.0,0.014819306321442127,0.000843263347633183,0.0007555491756647825,0.01726744882762432,0.014907021075487137,0.01413040328770876,0.014453164301812649,0.0032036900520324707,6.664500688202679e-05,0.00038940607919357717,0.12753771245479584
all,1700.0,0.012954575009644032,-3.587764877011068e-05,0.0003101250040344894,0.015306837856769562,0.012608572840690613,0.012671973556280136,0.012894350104033947,0.002662387676537037,2.752374166448135e-05,0.00024990085512399673,0.1273302435874939
