Split,benchmark_component,equal_weight_component,restricted_random_component,raw_return_component,significance_component,significance_bonus,weight_error_penalty,composite_score
train,-0.7668216024899895,0.03548681518053889,0.32248711766412097,2.4746086904695903,1.723139516280487,3.333333333333333,7.636702358722687,-0.5144684882846065
validation,2.52381066265128,0.1332880369913313,0.583814064444846,3.0984053961670583,9.6683988727295,10.0,7.65226274728775,18.355454285696265
all,-0.10763248449357658,0.05504734500037873,0.3747732668001171,2.6012154427103216,6.498203912496343,3.333333333333333,7.639814615249634,5.115126200597281
