Split,samples,benchmark_mean_raw_return,equal_weight_mean_raw_return,restricted_random_mean_raw_return,policy_mean_raw_return,policy_mean_excess_return,policy_mean_excess_vs_equal_weight,policy_mean_excess_vs_restricted_random,t_statistic,p_value,significant_outperformance,equal_weight_t_statistic,equal_weight_p_value,equal_weight_significant_outperformance,restricted_random_t_statistic,restricted_random_p_value,restricted_random_significant_outperformance
train,288,0.013024505227804184,0.012162960134446621,0.012242303229868412,0.014603395015001297,0.001578889787197113,0.0024404343631532458,0.0023610910607708823,0.4960681949039459,0.31011298836468565,False,0.8698936892501897,0.19254272842872971,False,0.8477422502352744,0.1986439755395791,False
validation,72,0.009761350229382515,0.013781613670289516,0.014728933572769165,0.026436205953359604,0.01667485572397709,0.012654592593510946,0.011707272794511583,2.71545399048371,0.004152315267628198,True,2.5203040487455834,0.006987501074232577,True,2.346214053541979,0.010880582830425579,True
all,360,0.01237187348306179,0.012486690655350685,0.012739629484713078,0.0169699564576149,0.004598082974553108,0.00448326567808787,0.004230327076382107,1.6184057195679453,0.05322668809931666,False,1.8186067032636977,0.03490227735763729,True,1.729208339764779,0.04231572240556453,True
