Split,samples,demo_mean_training_reward,policy_mean_excess_return,policy_mean_training_reward,demo_mean_raw_return,demo_mean_excess_return,demo_mean_excess_vs_equal_weight,demo_mean_excess_vs_restricted_random,policy_mean_raw_return,policy_mean_excess_vs_equal_weight,policy_mean_excess_vs_restricted_random,mean_abs_weight_error
train,288.0,0.026592841371893883,0.001578889787197113,0.003296243492513895,0.037899989634752274,0.02487548626959324,0.025737030431628227,0.025657689198851585,0.014603395015001297,0.0024404344148933887,0.002361091086640954,0.145930677652359
validation,72.0,0.03331330046057701,0.01667485572397709,0.015451394952833652,0.04429811239242554,0.03453676402568817,0.030516497790813446,0.029569178819656372,0.026436205953359604,0.012654592283070087,0.011707272380590439,0.14323225617408752
all,360.0,0.02793692983686924,0.004598082974553108,0.005727273877710104,0.039179615676403046,0.026807742193341255,0.02669292502105236,0.026439987123012543,0.0169699564576149,0.0044832658022642136,0.004230326972901821,0.14539100229740143
