Split,benchmark_component,equal_weight_component,restricted_random_component,raw_return_component,significance_component,significance_bonus,weight_error_penalty,composite_score
train,4.697697889987002,4.786225799243211,3.4772592870437773,8.977185159924067,3.616859601901,0.0,8.75584065914154,16.799387078957515
validation,27.936554060332767,17.051243939291375,12.367577677658604,9.899394853920654,10.306499922183518,10.0,8.593935370445251,78.96733508294167
all,12.897838669845328,8.410449427138012,5.992233682473094,9.350324393547062,7.774631672890704,6.666666666666666,8.723460137844086,42.36868437471678
