Split,benchmark_component,equal_weight_component,restricted_random_component,raw_return_component,significance_component,significance_bonus,weight_error_penalty,composite_score
train,5.86208206658853,6.021733949986563,4.492776288364541,9.092747627290457,5.199961620339097,0.0,8.718986213207245,21.950315339361943
validation,29.77303845479892,19.547997423634815,14.591396494099746,9.982007137852843,14.153347671067825,10.0,7.884098589420319,90.16368859203382
all,18.427376825832198,12.033003891286691,8.828220967550816,9.579105908930055,11.592471248770748,10.0,8.552008867263794,61.908169975106716
