Split,samples,benchmark_mean_raw_return,equal_weight_mean_raw_return,restricted_random_mean_raw_return,markowitz_mean_raw_return,policy_mean_raw_return,policy_mean_excess_return,policy_mean_excess_vs_equal_weight,policy_mean_excess_vs_restricted_random,policy_mean_excess_vs_markowitz,t_statistic,p_value,significant_outperformance,equal_weight_t_statistic,equal_weight_p_value,equal_weight_significant_outperformance,restricted_random_t_statistic,restricted_random_p_value,restricted_random_significant_outperformance,markowitz_t_statistic,markowitz_p_value,markowitz_significant_outperformance
train,100,0.005514001939445734,0.00917598232626915,0.008626398630440235,0.01413432601839304,0.032170370221138,0.026656372472643852,0.022994390726089477,0.023543974161148073,0.018036048412322998,8.830697171497826,1.9329080574941647e-14,True,8.767083319301864,2.6564955001580284e-14,True,8.64318977704755,4.931364772321134e-14,True,8.169180570430079,5.202736621255823e-13,True
validation,26,0.0052915881387889385,0.0036277221515774727,0.0042222896590828896,-0.005338207818567753,0.01582144759595394,0.01052985992282629,0.012193725659297062,0.011599157865230855,0.021159655772722684,2.9491522876482774,0.0034102372260383343,True,5.1512429670427,1.2606269984768343e-05,True,4.571210148868287,5.6616137811203626e-05,True,9.601915920860419,3.6160691827217985e-10,True
all,126,0.0054681068286299706,0.008031103760004044,0.0077176145277917385,0.010116183198988438,0.028796786442399025,0.02332867868244648,0.020765682061513264,0.021079170798498487,0.018680602312088013,9.084555371839343,9.687652930305465e-16,True,9.570241645885883,6.508301087015479e-17,True,9.318740405105192,2.642138759672935e-16,True,10.31913520806537,9.784242406299838e-19,True
