Split,samples,benchmark_mean_raw_return,equal_weight_mean_raw_return,restricted_random_mean_raw_return,policy_mean_raw_return,policy_mean_excess_return,policy_mean_excess_vs_equal_weight,policy_mean_excess_vs_restricted_random,t_statistic,p_value,significant_outperformance,equal_weight_t_statistic,equal_weight_p_value,equal_weight_significant_outperformance,restricted_random_t_statistic,restricted_random_p_value,restricted_random_significant_outperformance
train,2,-0.02901071310043335,-0.015793204307556152,-0.010349482297897339,0.29532068967819214,0.3243314027786255,0.3111138939857483,0.3056701719760895,2.6485994209603025,0.11491351203488373,False,2.3139312659842295,0.12984615983235986,False,2.273794493680806,0.13188655781475797,False
validation,1,0.013654470443725586,0.02131187915802002,0.02425098419189453,0.3257253170013428,0.3120708465576172,0.30441343784332275,0.30147433280944824,,,False,,,False,,,False
all,3,-0.014788985252380371,-0.0034248430747538805,0.0011840065708383918,0.3054555654525757,0.32024455070495605,0.30888040860493976,0.3042715589205424,4.522152948418976,0.022791289455040477,True,3.977428195528351,0.028893285611141614,True,3.91967117244,0.02967617910294983,True
