Split,samples,benchmark_mean_raw_return,equal_weight_mean_raw_return,restricted_random_mean_raw_return,policy_mean_raw_return,policy_mean_excess_return,policy_mean_excess_vs_equal_weight,policy_mean_excess_vs_restricted_random,t_statistic,p_value,significant_outperformance,equal_weight_t_statistic,equal_weight_p_value,equal_weight_significant_outperformance,restricted_random_t_statistic,restricted_random_p_value,restricted_random_significant_outperformance
train,35,0.004415331408381462,0.0050690448842942715,0.004327792674303055,0.11995767802000046,0.11554232984781265,0.11488861697060722,0.11562986884798322,12.620129967681017,1.1012544073568302e-14,True,12.896632243964754,5.965489106404657e-15,True,12.43316335353589,1.6753611605100823e-14,True
validation,9,-0.004703064914792776,-0.002381265163421631,-0.003884348552674055,0.14194925129413605,0.14665232598781586,0.14433052142461142,0.14583360486560398,9.358183442267148,6.948402410012839e-06,True,9.853358966340979,4.738454873143436e-06,True,11.098232820021595,1.9396328638780893e-06,True
all,44,0.0025502049829810858,0.003545117564499378,0.0026480366941541433,0.12445595115423203,0.12190571427345276,0.12091082469983534,0.12180790576067838,15.036536578607818,4.944894750352819e-19,True,15.435618312065333,1.9044109051936153e-19,True,15.175898566008138,3.5366182967724313e-19,True
