Split,samples,benchmark_mean_raw_return,equal_weight_mean_raw_return,restricted_random_mean_raw_return,policy_mean_raw_return,policy_mean_excess_return,policy_mean_excess_vs_equal_weight,policy_mean_excess_vs_restricted_random,t_statistic,p_value,significant_outperformance,equal_weight_t_statistic,equal_weight_p_value,equal_weight_significant_outperformance,restricted_random_t_statistic,restricted_random_p_value,restricted_random_significant_outperformance
train,501,0.005462522152811289,0.004893822595477104,0.0046898010186851025,0.014171704649925232,0.008709183894097805,0.009277883047115304,0.00948190498732759,10.407706933527782,2.1449913744340027e-23,True,13.7184351118125,6.999068388381954e-37,True,13.786007619031935,3.553813158447079e-37,True
validation,126,0.005682959221303463,0.007243309635668993,0.007359950803220272,0.009827916510403156,0.004144956823438406,0.002584606409072876,0.002467965322827536,3.5036774728854687,0.00031871411605088814,True,2.9733869698375197,0.0017674851868298355,True,2.6505974147393636,0.004537099599870056,True
all,627,0.005506820511072874,0.005365967750549316,0.0052263857796788216,0.013298790901899338,0.007791970856487751,0.007932822670092423,0.008072405150442413,10.928050343210325,7.284156717098497e-26,True,13.731989061352465,5.31496065251405e-38,True,13.658155242660854,1.1619287911457446e-37,True
