Split,samples,demo_mean_training_reward,policy_mean_excess_return,policy_mean_training_reward,demo_mean_raw_return,demo_mean_excess_return,demo_mean_excess_vs_equal_weight,demo_mean_excess_vs_restricted_random,policy_mean_raw_return,policy_mean_excess_vs_equal_weight,policy_mean_excess_vs_restricted_random,mean_abs_weight_error
train,501.0,0.025152727961540222,0.008709183894097805,0.009580589830875397,0.029743842780590057,0.024281321093440056,0.024850020185112953,0.025054043158888817,0.014171704649925232,0.009277882054448128,0.009481905028223991,0.14434924721717834
validation,126.0,0.031912364065647125,0.004144956823438406,0.00390974897891283,0.03783053532242775,0.03214757516980171,0.03058721497654915,0.030470577999949455,0.009827916510403156,0.002584606409072876,0.002467965241521597,0.1738612800836563
all,627.0,0.026511123403906822,0.007791970856487751,0.008440994657576084,0.0313689187169075,0.02586209960281849,0.026002950966358185,0.026142533868551254,0.013298790901899338,0.007932822220027447,0.00807240605354309,0.15027987957000732
