Split,benchmark_component,equal_weight_component,restricted_random_component,raw_return_component,significance_component,significance_bonus,weight_error_penalty,composite_score
train,21.055213215711458,14.591221290479119,11.084441321980822,8.890071565250722,14.993421470733326,10.0,8.6609548330307,71.95341403112474
validation,11.768497017736863,5.057103107263429,3.6285750150763114,7.542718491679185,11.512309303954659,10.0,10.431676805019379,39.07752613069107
all,19.567368374713155,13.205288317390178,10.02097768146086,8.692197790085451,14.993988959230641,10.0,9.01679277420044,67.46302834867984
