Split,benchmark_component,equal_weight_component,restricted_random_component,raw_return_component,significance_component,significance_bonus,weight_error_penalty,composite_score
train,11.760905275753357,8.781214220612641,6.8307213610794495,7.444770108781384,14.899946679026236,10.0,9.64048057794571,50.07707706730736
validation,9.472297630894227,3.384658502033223,2.368214709646501,7.139564655463106,10.31078729260466,10.0,10.298763513565063,32.37675927707665
all,11.31252501533209,7.78203924074557,6.013232715907951,7.385755615129628,14.918843016466813,10.0,9.772767126560211,47.639628477021844
