Split,samples,demo_mean_training_reward,policy_mean_excess_return,policy_mean_training_reward,demo_mean_raw_return,demo_mean_excess_return,demo_mean_excess_vs_equal_weight,demo_mean_excess_vs_restricted_random,policy_mean_raw_return,policy_mean_excess_vs_equal_weight,policy_mean_excess_vs_restricted_random,mean_abs_weight_error
train,668.0,0.01796882040798664,-0.0014874425251036882,-0.0006801903364248574,0.022624090313911438,0.017161568626761436,0.017730267718434334,0.017613517120480537,0.003975079394876957,-0.0009187431423924863,-0.0010354924015700817,0.15455731749534607
validation,168.0,0.023957690224051476,0.011060692369937897,0.01078757457435131,0.02991376630961895,0.024230806156992912,0.022670459002256393,0.022364262491464615,0.016743650659918785,0.009500342421233654,0.00919414684176445,0.12236177921295166
all,836.0,0.01917232573032379,0.0010341921588405967,0.0016243361169472337,0.02408900111913681,0.01858218014240265,0.018723033368587494,0.018568214029073715,0.006541012786328793,0.0011750442208722234,0.001020224066451192,0.14808738231658936
