Split,benchmark_component,equal_weight_component,restricted_random_component,raw_return_component,significance_component,significance_bonus,weight_error_penalty,composite_score
train,-4.429706790250057,-1.8323336686086622,-1.5477109327957053,3.7781464214855305,-3.906718370370848,0.0,9.273439049720764,-17.211762390260503
validation,24.080055979415164,14.7959711003714,10.884306379517955,9.321264555255405,11.455534971950632,10.0,7.3417067527771,73.19542623373346
all,3.0915623572599724,2.3393317985515956,1.525049175582149,5.744244464594235,3.991142621424488,0.0,8.885242938995361,7.80608747841708
