Split,samples,benchmark_mean_raw_return,equal_weight_mean_raw_return,restricted_random_mean_raw_return,policy_mean_raw_return,policy_mean_excess_return,policy_mean_excess_vs_equal_weight,policy_mean_excess_vs_restricted_random,t_statistic,p_value,significant_outperformance,equal_weight_t_statistic,equal_weight_p_value,equal_weight_significant_outperformance,restricted_random_t_statistic,restricted_random_p_value,restricted_random_significant_outperformance
train,836,0.005521585699170828,0.004950107540935278,0.004940856248140335,0.00626699673011899,0.0007454107399098575,0.001316888623260425,0.001326140533223677,2.847995179387883,0.00225380175566309,True,4.543602985577796,3.1727156299940465e-06,True,3.9678070493310407,3.938489027943524e-05,True
validation,209,0.005447760224342346,0.007029411382973194,0.007251693867146969,0.008623657748103142,0.0031758975237607956,0.0015942462893764368,0.00137196345762773,5.064569677504549,4.502561898061766e-07,True,2.5427307619406996,0.005863178342990775,True,1.9554166564446092,0.025936641162459143,True
all,1045,0.005506820511072874,0.005365968681871891,0.005403023213148117,0.0067383283749222755,0.001231508213095367,0.0013723601564836275,0.0013353051181044875,5.0106843117280055,3.183240881980289e-07,True,5.208463921570847,1.1465311563282869e-07,True,4.424286957010385,5.345497936787534e-06,True
