Split,samples,benchmark_mean_raw_return,equal_weight_mean_raw_return,restricted_random_mean_raw_return,policy_mean_raw_return,policy_mean_excess_return,policy_mean_excess_vs_equal_weight,policy_mean_excess_vs_restricted_random,t_statistic,p_value,significant_outperformance,equal_weight_t_statistic,equal_weight_p_value,equal_weight_significant_outperformance,restricted_random_t_statistic,restricted_random_p_value,restricted_random_significant_outperformance
train,14,0.007191773038357496,0.011030299589037895,0.00928737036883831,0.18592579662799835,0.17873403429985046,0.17489549943378993,0.17663842865398952,6.535615813662351,9.477339369468128e-06,True,6.355586710143166,1.2566693949352856e-05,True,6.4159245941644505,1.1427164886365103e-05,True
validation,4,-0.0071656107902526855,-0.0048949867486953735,0.005033567547798157,0.22393745183944702,0.2311030626296997,0.2288324385881424,0.21890388429164886,4.2749993754091244,0.011751015475715084,True,4.600131746894062,0.009655475983959529,True,4.197683065869519,0.01233404710733614,True
all,18,0.00400124303996563,0.007491346914321184,0.008342080749571323,0.19437283277511597,0.1903715878725052,0.18688148591253492,0.18603075212902492,7.855373403497831,2.3374571331362083e-07,True,7.779869271449291,2.662743676097964e-07,True,7.753789650070143,2.7857988439883033e-07,True
