Split,samples,benchmark_mean_raw_return,equal_weight_mean_raw_return,restricted_random_mean_raw_return,policy_mean_raw_return,policy_mean_excess_return,policy_mean_excess_vs_equal_weight,policy_mean_excess_vs_restricted_random,t_statistic,p_value,significant_outperformance,equal_weight_t_statistic,equal_weight_p_value,equal_weight_significant_outperformance,restricted_random_t_statistic,restricted_random_p_value,restricted_random_significant_outperformance
train,201,0.013365117833018303,0.012232746928930283,0.012314815074205399,0.028335684910416603,0.014970566146075726,0.016102936730455996,0.016020867955032273,9.07226829043628,5.5385965231690874e-17,True,12.440614390766834,5.441198071151649e-27,True,12.252377185904544,2.0518077112867788e-26,True
validation,51,0.006827694363892078,0.01227791141718626,0.01318887434899807,0.02004866674542427,0.013220973312854767,0.007770755711723776,0.0068597933825324565,3.3818046900708105,0.000702799556037492,True,2.764429148550986,0.003981961055459046,True,2.292375108272536,0.013064385430686191,True
all,252,0.01204206608235836,0.012241887860000134,0.012491708621382713,0.0266585536301136,0.014616485685110092,0.014416665548369997,0.014166844506112357,9.53732029003627,6.740027773629364e-19,True,12.064149085800095,4.8854340245175735e-27,True,11.560957280105198,2.288264465966151e-25,True
