Split,samples,demo_mean_training_reward,policy_mean_excess_return,policy_mean_training_reward,demo_mean_raw_return,demo_mean_excess_return,demo_mean_excess_vs_equal_weight,demo_mean_excess_vs_restricted_random,policy_mean_raw_return,policy_mean_excess_vs_equal_weight,policy_mean_excess_vs_restricted_random,mean_abs_weight_error
train,201.0,0.03731006011366844,0.014970566146075726,0.016856851056218147,0.048788897693157196,0.03542378172278404,0.036556147038936615,0.0364740826189518,0.028335684910416603,0.01610293611884117,0.016020867973566055,0.12938465178012848
validation,51.0,0.045190002769231796,0.013220973312854767,0.010996442288160324,0.054242223501205444,0.04741453006863594,0.04196431487798691,0.041053351014852524,0.02004866674542427,0.007770755793899298,0.0068597933277487755,0.16572652757167816
all,252.0,0.038904812186956406,0.014616485685110092,0.015670817345380783,0.049892548471689224,0.037850476801395416,0.037650659680366516,0.03740083426237106,0.0266585536301136,0.014416665770113468,0.014166845008730888,0.13673953711986542
