Split,benchmark_component,equal_weight_component,restricted_random_component,raw_return_component,significance_component,significance_bonus,weight_error_penalty,composite_score
train,27.138448351885483,18.464068298648108,13.829731052712425,9.931083282419616,14.983472750245804,10.0,7.763079106807709,86.58372462910373
validation,26.019136732514056,13.02049909311463,8.930892687190347,9.643698063530088,11.011925014755226,10.0,9.94359165430069,68.68255993680366
all,26.939169282661048,17.880654254860932,13.333578174907784,9.90374964214178,14.981105053886314,10.0,8.204372227191925,84.83388418126593
