Split,samples,benchmark_mean_raw_return,equal_weight_mean_raw_return,restricted_random_mean_raw_return,policy_mean_raw_return,policy_mean_excess_return,policy_mean_excess_vs_equal_weight,policy_mean_excess_vs_restricted_random,t_statistic,p_value,significant_outperformance,equal_weight_t_statistic,equal_weight_p_value,equal_weight_significant_outperformance,restricted_random_t_statistic,restricted_random_p_value,restricted_random_significant_outperformance
train,38,0.0014467333676293492,0.002220665104687214,0.00122005061712116,-0.008361369371414185,-0.009808102622628212,-0.010582034525118376,-0.009581419982408223,-1.2230241140191345,0.8854732830126945,False,-1.579843859553188,0.9386725984122506,False,-1.3226124544673927,0.9029592459581719,False
validation,10,-0.000586646783631295,-0.002142655896022916,-0.002884429646655917,0.005154657177627087,0.005741304252296686,0.007297313213348389,0.008039087057113647,0.8743472870514774,0.20232828433909644,False,1.1224278578159557,0.1453654539704296,False,1.5652934645250483,0.07597720175716877,False
all,48,0.00102311244700104,0.0013116399059072137,0.00036495053791441023,-0.005545530468225479,-0.006568642798811197,-0.0068571704129378,-0.0059104810158411665,-1.0058071782222395,0.8401706435584009,False,-1.2361942229718537,0.888735565684823,False,-1.0012185847366852,0.8390759048696996,False
