Split,samples,benchmark_mean_raw_return,equal_weight_mean_raw_return,restricted_random_mean_raw_return,policy_mean_raw_return,policy_mean_excess_return,policy_mean_excess_vs_equal_weight,policy_mean_excess_vs_restricted_random,t_statistic,p_value,significant_outperformance,equal_weight_t_statistic,equal_weight_p_value,equal_weight_significant_outperformance,restricted_random_t_statistic,restricted_random_p_value,restricted_random_significant_outperformance
train,1440,0.0006749174208380282,0.0005985188763588667,0.0006190782878547907,0.0006006223848089576,-7.429503602907062e-05,2.1035058630837335e-06,-1.845587458875444e-05,-1.2639708895925368,0.8967774087126634,False,0.17768382060213028,0.4294981499753869,False,-0.435881141393954,0.668505826821279,False
validation,360,0.0005946859600953758,0.0007795037236064672,0.0008003345574252307,0.0008110907510854304,0.00021640476188622415,3.158698479334514e-05,1.0756154855092367e-05,1.3708820709809442,0.08563406891871721,False,1.3289832951521958,0.09234874877536893,False,0.12533771918915795,0.45016317461160443,False
all,1800,0.0006588711403310299,0.0006347158341668546,0.00065532949520275,0.0006427160697057843,-1.6155010598595254e-05,8.000267876519098e-06,-1.2613402472601996e-05,-0.28500702441463877,0.6121642169127623,False,0.7549216314439425,0.22519741033550378,False,-0.33224912073340596,0.6301300690309591,False
