Split,samples,demo_mean_training_reward,policy_mean_excess_return,policy_mean_training_reward,demo_mean_raw_return,demo_mean_excess_return,demo_mean_excess_vs_equal_weight,demo_mean_excess_vs_restricted_random,policy_mean_raw_return,policy_mean_excess_vs_equal_weight,policy_mean_excess_vs_restricted_random,mean_abs_weight_error
train,1440.0,0.00599264120683074,-7.429503602907062e-05,2.728410436247941e-05,0.00656597875058651,0.005891061387956142,0.005967460107058287,0.005946900229901075,0.0006006223848089576,2.1035059489804553e-06,-1.8455873942002654e-05,0.13631662726402283
validation,360.0,0.00714359525591135,0.00021640476188622415,0.0001792983093764633,0.007775387726724148,0.0071807014755904675,0.00699588330462575,0.0069750528782606125,0.0008110907510854304,3.158698382321745e-05,1.0756154551927466e-05,0.14030779898166656
all,1800.0,0.006222831550985575,-1.6155010598595254e-05,5.768700430053286e-05,0.00680786045268178,0.00614898931235075,0.006173144560307264,0.006152531132102013,0.0006427160697057843,8.000268280738965e-06,-1.2613402759598102e-05,0.13711486756801605
