Split,benchmark_component,equal_weight_component,restricted_random_component,raw_return_component,significance_component,significance_bonus,weight_error_penalty,composite_score
train,-0.22288100727573532,0.004207011664117734,-0.027683780451038437,0.5999011825676885,-2.5130309304078766,0.0,8.17899763584137,-10.338485159744213
validation,0.6491129600799388,0.06317375948404437,0.016134226060481885,0.8093167830288943,4.559869482441511,0.0,8.418467938899994,-2.3208607278051243
all,-0.04846498963377756,0.01600053233936284,-0.01892009367507877,0.641832543923681,0.22942458441154034,0.0,8.226892054080963,-7.407019476715235
