Split,samples,benchmark_mean_raw_return,equal_weight_mean_raw_return,restricted_random_mean_raw_return,markowitz_mean_raw_return,policy_mean_raw_return,policy_mean_excess_return,policy_mean_excess_vs_equal_weight,policy_mean_excess_vs_restricted_random,policy_mean_excess_vs_markowitz,t_statistic,p_value,significant_outperformance,equal_weight_t_statistic,equal_weight_p_value,equal_weight_significant_outperformance,restricted_random_t_statistic,restricted_random_p_value,restricted_random_significant_outperformance,markowitz_t_statistic,markowitz_p_value,markowitz_significant_outperformance
train,991,0.0007044876110740006,0.0011244742199778557,0.0011257743462920189,0.0017482772236689925,0.0011371885193511844,0.00043270090827718377,1.2714314292345712e-05,1.1414139109591303e-05,-0.0006110886512202043,5.517062925457514,2.2003212958419864e-08,True,9.408874549928347,1.6950274514865393e-20,True,0.2117177180836532,0.41618542059458874,False,-3.729547401690106,0.9998986424919953,False
validation,248,0.0009956766152754426,0.0004911105497740209,0.0004527874116320163,-0.0018439848208799958,0.0004926470573991537,-0.0005030295578762889,1.5365019921333559e-06,3.985964482830417e-05,0.002336631859502485,-2.745979748616128,0.9967615953325069,False,2.104039378836632,0.01819305403737866,True,0.35404864715419204,0.36180223514402254,False,7.47106912722434,6.858979163055101e-13,True
all,1239,0.0007627723971381783,0.0009976992150768638,0.0009910683147609234,0.0010292449733242393,0.0010081761283800006,0.0002454037603456527,1.0476947504248322e-05,1.7107831941101222e-05,-2.1068726555775788e-05,3.3433166594712738,0.00042629201398250893,True,9.542602704702306,3.561665577409532e-21,True,0.351763157780188,0.3625378767221948,False,-0.141398600648355,0.5562109678249295,False
