Split,samples,benchmark_mean_raw_return,policy_mean_raw_return,policy_mean_excess_return,t_statistic,p_value,significant_outperformance
train,204,0.0044954498298466206,0.008706185035407543,0.004210735205560923,1.5219226676020117,0.06479231073561693,False
validation,52,0.007810498587787151,0.010937590152025223,0.003127091098576784,0.7550713424105716,0.22683958060537632,False
all,256,0.00516881886869669,0.009105347096920013,0.003936528228223324,3.3340786898376975,0.0004914848188218513,True
