Split,samples,benchmark_mean_raw_return,equal_weight_mean_raw_return,restricted_random_mean_raw_return,policy_mean_raw_return,policy_mean_excess_return,policy_mean_excess_vs_equal_weight,policy_mean_excess_vs_restricted_random,t_statistic,p_value,significant_outperformance,equal_weight_t_statistic,equal_weight_p_value,equal_weight_significant_outperformance,restricted_random_t_statistic,restricted_random_p_value,restricted_random_significant_outperformance
train,1440,0.0006154620787128806,0.000544655486010015,0.0005394042236730456,0.0005447897128760815,-7.067235856084153e-05,1.3423462708791096e-07,5.38548661602868e-06,-1.2492458470692658,0.894110833899019,False,1.1569065507069105,0.12375127620094865,False,0.13182754396196653,0.44756956425253885,False
validation,360,0.0007207415183074772,0.0009146708762273192,0.0009132194682024419,0.0009150789701379836,0.00019433746638242155,4.0812624825371637e-07,1.8594993485344781e-06,1.24022331008888,0.10785139319666058,False,1.7244787371717194,0.04274110600528893,True,0.023284302341443016,0.49071821483725986,False
all,1800,0.0006365180015563965,0.0006186586106196046,0.0006141673075035214,0.0006188476108945906,-1.7670392480795272e-05,1.8901295132107205e-07,4.68028916252984e-06,-0.32079405676080097,0.6257981385133919,False,1.8139915721671815,0.0349227759138166,True,0.1286985037496134,0.4488053025266404,False
