Split,samples,demo_mean_training_reward,policy_mean_excess_return,policy_mean_training_reward,demo_mean_raw_return,demo_mean_excess_return,demo_mean_excess_vs_equal_weight,demo_mean_excess_vs_restricted_random,policy_mean_raw_return,policy_mean_excess_vs_equal_weight,policy_mean_excess_vs_restricted_random,mean_abs_weight_error
train,1440.0,0.005582332611083984,-7.067235856084153e-05,2.73273944912944e-05,0.006099794991314411,0.005484332796186209,0.005555139388889074,0.005560390651226044,0.0005447897128760815,1.3423462519313034e-07,5.385486474551726e-06,0.12433812767267227
validation,360.0,0.00693949731066823,0.00019433746638242155,0.00016973722085822374,0.007684838958084583,0.006964097265154123,0.0067701684311032295,0.0067716194316744804,0.0009150789701379836,4.081262545696518e-07,1.8594993207443622e-06,0.12914256751537323
all,1800.0,0.005853765178471804,-1.7670392480795272e-05,5.5809363402659073e-05,0.006416804157197475,0.005780285689979792,0.005798144731670618,0.0058026365004479885,0.0006188476108945906,1.8901295106843463e-07,4.680289293901296e-06,0.12529902160167694
