Split,benchmark_component,equal_weight_component,restricted_random_component,raw_return_component,significance_component,significance_bonus,weight_error_penalty,composite_score
train,-0.21201354596395583,0.00026846925415969684,0.008078229143054217,0.544251380913471,0.06581332367831524,0.0,7.460287660360336,-7.0538898033352915
validation,0.5829390147035711,0.0008162524960542302,0.0027892489906534115,0.9125332990029916,4.804730375321308,3.333333333333333,7.748554050922394,1.8885874729255185
all,-0.0530111222679317,0.0003780259025971264,0.007020433231183638,0.6180588141105908,2.674272725406706,3.333333333333333,7.5179412961006165,-0.9378890863841374
