Split,samples,benchmark_mean_raw_return,equal_weight_mean_raw_return,restricted_random_mean_raw_return,policy_mean_raw_return,policy_mean_excess_return,policy_mean_excess_vs_equal_weight,policy_mean_excess_vs_restricted_random,t_statistic,p_value,significant_outperformance,equal_weight_t_statistic,equal_weight_p_value,equal_weight_significant_outperformance,restricted_random_t_statistic,restricted_random_p_value,restricted_random_significant_outperformance
train,1020,0.002782725263386965,0.002509318757802248,0.002367197535932064,0.0044575100764632225,0.001674784580245614,0.0019481909625670489,0.0020903123360054166,7.031404769282421,1.8711189441554007e-12,True,12.14867779052085,4.0981316470099956e-32,True,11.163560416342381,1.1062686158874306e-27,True
validation,255,0.002360426587983966,0.0031370450742542744,0.0029814965091645718,0.003558616852387786,0.0011981901479884982,0.0004215717315673828,0.0005771202199599322,2.8520932725288137,0.002350271388774763,True,1.783146058886968,0.03787830831788155,True,1.8240886683565443,0.034656795608685224,True
all,1275,0.0026982654817402363,0.002634864067658782,0.0024900573771446943,0.004277731291949749,0.0015794656937941909,0.0016428671163671157,0.0017876739127963197,7.584487741932489,3.2045803606946745e-14,True,11.925980625489002,1.8416617799830262e-31,True,10.937660523737884,5.6018895567563806e-27,True
