Split,samples,demo_mean_training_reward,policy_mean_excess_return,policy_mean_training_reward,demo_mean_raw_return,demo_mean_excess_return,demo_mean_excess_vs_equal_weight,demo_mean_excess_vs_restricted_random,policy_mean_raw_return,policy_mean_excess_vs_equal_weight,policy_mean_excess_vs_restricted_random,mean_abs_weight_error
train,1020.0,0.01733272522687912,0.001674784580245614,0.0021181844640523195,0.019672049209475517,0.01688932441174984,0.017162730917334557,0.017304854467511177,0.0044575100764632225,0.001948190969415009,0.0020903125405311584,0.17279458045959473
validation,255.0,0.02050665020942688,0.0011981901479884982,0.0010770332301035523,0.022988231852650642,0.020627805963158607,0.019851187244057655,0.020006736740469933,0.003558616852387786,0.00042157171992585063,0.0005771202268078923,0.1808980405330658
all,1275.0,0.017967509105801582,0.0015794656937941909,0.0019099542405456305,0.020335286855697632,0.017637021839618683,0.017700422555208206,0.01784522831439972,0.004277731291949749,0.0016428671078756452,0.0017876739148050547,0.17441527545452118
