Split,benchmark_component,equal_weight_component,restricted_random_component,raw_return_component,significance_component,significance_bonus,weight_error_penalty,composite_score
train,4.977898788351022,3.8478239390743147,3.090585673500275,4.184000770297107,14.964669644780471,10.0,10.367674827575684,30.697303988427507
validation,3.577466725473521,0.842644332113752,0.8647205080017831,3.415636995937102,9.23226811372166,10.0,10.853882431983948,17.07885424326387
all,4.699383230186915,3.256489132707876,2.653306311453899,4.0345860196692405,14.965479600007997,10.0,10.46491652727127,29.144327766754657
