Split,samples,benchmark_mean_raw_return,equal_weight_mean_raw_return,restricted_random_mean_raw_return,policy_mean_raw_return,policy_mean_excess_return,policy_mean_excess_vs_equal_weight,policy_mean_excess_vs_restricted_random,t_statistic,p_value,significant_outperformance,equal_weight_t_statistic,equal_weight_p_value,equal_weight_significant_outperformance,restricted_random_t_statistic,restricted_random_p_value,restricted_random_significant_outperformance
train,1360,0.002782725263386965,0.0025093189906328917,0.0023120378609746695,0.002610074356198311,-0.00017265081987716258,0.00010075551622054157,0.0002980366349220276,-1.107801863027075,0.8659282893147319,False,1.252554617808,0.10529166722022884,False,2.510860902377929,0.006079513786120774,True
validation,340,0.002360426587983966,0.0031370450742542744,0.002814284060150385,0.003433922538533807,0.001073495834134519,0.00029687741223503563,0.0006196384920793422,3.4370723560860434,0.00033060716647027,True,3.385420097185523,0.00039703958800741746,True,2.8322705281434883,0.0024490864291723652,True
all,1700,0.0026982654817402363,0.002634864067658782,0.00241248682141304,0.0027748439460992813,7.657850801479071e-05,0.00013997989542344037,0.0003623570063534905,0.5472432678729726,0.2921417433218271,False,2.098134530505329,0.01802030763317372,True,3.465079966325399,0.00027162361197243434,True
