Split,benchmark_component,equal_weight_component,restricted_random_component,raw_return_component,significance_component,significance_bonus,weight_error_penalty,composite_score
train,-0.5179010014829827,0.20150421380357003,0.4469226326305792,2.55237579536608,4.301893028795483,3.333333333333333,7.681623101234436,2.6365049012116266
validation,3.2081733680624422,0.5935804483028533,0.9282700054538442,3.3050248632324926,11.857433702530123,10.0,7.67504096031189,22.21744142726987
all,0.22973103338085393,0.2799415068264639,0.5432977423218567,2.7057523580217246,8.862445358692336,6.666666666666666,7.680307924747467,11.607526741162431
