Split,samples,benchmark_mean_raw_return,equal_weight_mean_raw_return,restricted_random_mean_raw_return,policy_mean_raw_return,policy_mean_excess_return,policy_mean_excess_vs_equal_weight,policy_mean_excess_vs_restricted_random,t_statistic,p_value,significant_outperformance,equal_weight_t_statistic,equal_weight_p_value,equal_weight_significant_outperformance,restricted_random_t_statistic,restricted_random_p_value,restricted_random_significant_outperformance
train,4968,0.0005435029161162674,0.0004860213666688651,0.0004751731758005917,0.0004887789255008101,-5.472402335726656e-05,2.757530665436037e-06,1.360576797798636e-05,-1.793624329306247,0.9635330210710227,False,2.9070819477233694,0.0018321612617990196,True,0.624264346358137,0.26624133270235784,False
validation,1242,0.0006223958916962147,0.0007824557833373547,0.0007231745403259993,0.0007837574812583625,0.00016136157501023263,1.301656022739871e-06,6.05828904107381e-05,1.9716703638118147,0.024434537942812,True,0.8579463621052614,0.19554387192551165,False,1.2087943972096973,0.11348605233880289,False
all,6210,0.0005592814995907247,0.0005453082267194986,0.000524773437064141,0.000547774659935385,-1.150690241047414e-05,2.4663557368968035e-06,2.3001192464536708e-05,-0.3913186571933238,0.652212431208606,False,3.0178871061551615,0.0012778821666829374,True,1.1436940422898878,0.12639731830149703,False
