Split,samples,demo_mean_training_reward,policy_mean_excess_return,policy_mean_training_reward,demo_mean_raw_return,demo_mean_excess_return,demo_mean_excess_vs_equal_weight,demo_mean_excess_vs_restricted_random,policy_mean_raw_return,policy_mean_excess_vs_equal_weight,policy_mean_excess_vs_restricted_random,mean_abs_weight_error
train,4968.0,0.008081400766968727,-5.472402335726656e-05,3.053669206565246e-05,0.008539642207324505,0.00799614004790783,0.008053621277213097,0.008064469322562218,0.0004887789255008101,2.7575306376093067e-06,1.3605767890112475e-05,0.17999298870563507
validation,1242.0,0.009180963039398193,0.00016136157501023263,0.00015542743494734168,0.009809291921555996,0.009186896495521069,0.009026835672557354,0.009086117148399353,0.0007837574812583625,1.3016559705647524e-06,6.058289000065997e-05,0.17999953031539917
all,6210.0,0.008301313035190105,-1.150690241047414e-05,5.551484355237335e-05,0.008793572895228863,0.008234291337430477,0.008248263970017433,0.008268799632787704,0.000547774659935385,2.4663556814630283e-06,2.3001191948424093e-05,0.17999430000782013
