Split,benchmark_component,equal_weight_component,restricted_random_component,raw_return_component,significance_component,significance_bonus,weight_error_penalty,composite_score
train,-0.16417043126085218,0.005515061191084109,0.020408639373699394,0.48839005827222776,2.8607418567456158,3.333333333333333,10.799579322338104,-4.255360804682996
validation,0.48404271479256333,0.0026033120307770302,0.09087322384957165,0.7821566038458774,6.312599672570348,3.333333333333333,10.79997181892395,0.20563704149851958
all,-0.03452069199527874,0.004932711373776132,0.034501727852471124,0.5472274378377913,5.940278398672238,3.333333333333333,10.799658000469208,-0.973905083394877
