Split,samples,benchmark_mean_raw_return,equal_weight_mean_raw_return,restricted_random_mean_raw_return,policy_mean_raw_return,policy_mean_excess_return,policy_mean_excess_vs_equal_weight,policy_mean_excess_vs_restricted_random,t_statistic,p_value,significant_outperformance,equal_weight_t_statistic,equal_weight_p_value,equal_weight_significant_outperformance,restricted_random_t_statistic,restricted_random_p_value,restricted_random_significant_outperformance
train,1440,0.0016855491558089852,0.0015727332793176174,0.0015309912851080298,0.0015732775209471583,-0.00011227167851757258,5.44182128376431e-07,4.2286266883214314e-05,-1.2531990312415693,0.8948315662038544,False,4.061555763190422,2.5687228566197663e-05,True,0.6777434125337788,0.24902167450388416,False
validation,360,0.0014055229257792234,0.0019587373826652765,0.001812246977351606,0.001960817724466324,0.0005552949151024222,2.080533239576552e-06,0.00014857086870405408,2.231163392623038,0.013143671942177408,True,2.2770557268935665,0.011685340293648462,True,1.0094641292418824,0.15671599048548956,False
all,1800,0.0016295439563691616,0.001649934216402471,0.0015872424701228738,0.0016507855616509914,2.1241638023639098e-05,8.514523506164551e-07,6.354318724738227e-05,0.24289656325774864,0.40405660898543233,False,4.013043670823521,3.1199521766662615e-05,True,1.0967771665657027,0.13644280118795582,False
