Split,samples,demo_mean_training_reward,policy_mean_excess_return,policy_mean_training_reward,demo_mean_raw_return,demo_mean_excess_return,demo_mean_excess_vs_equal_weight,demo_mean_excess_vs_restricted_random,policy_mean_raw_return,policy_mean_excess_vs_equal_weight,policy_mean_excess_vs_restricted_random,mean_abs_weight_error
train,1440.0,0.010826638899743557,-0.00011227167851757258,0.00012103958579245955,0.012278877198696136,0.01059332862496376,0.010706143453717232,0.010747885331511497,0.0015732775209471583,5.44182114481373e-07,4.228626858093776e-05,0.13779495656490326
validation,360.0,0.013719198293983936,0.0005552949151024222,0.0004485380195546895,0.015231477096676826,0.01382595393806696,0.013272740878164768,0.013419230468571186,0.001960817724466324,2.0805332496820483e-06,0.0001485708635300398,0.1386747509241104
all,1800.0,0.011405151337385178,2.1241638023639098e-05,0.00018653929873835295,0.012869398109614849,0.011239852756261826,0.011219463311135769,0.011282156221568584,0.0016507855616509914,8.514523415215081e-07,6.354318611556664e-05,0.1379709094762802
