Split,benchmark_component,equal_weight_component,restricted_random_component,raw_return_component,significance_component,significance_bonus,weight_error_penalty,composite_score
train,-0.3368008844999502,0.0010883642556785223,0.06342902226115885,1.5604241648667319,5.536029827306082,3.333333333333333,8.267697393894196,1.8898064336288378
validation,1.6641745891644737,0.004161066419114206,0.22283990725468775,1.9360684001706479,8.194330363484628,6.666666666666666,8.320485055446625,10.367755937713593
all,0.06372481822729312,0.001702904697117721,0.09531349803851373,1.6359520840170825,7.999509951431299,3.333333333333333,8.278254568576813,4.851282021167826
