Split,samples,benchmark_mean_raw_return,equal_weight_mean_raw_return,restricted_random_mean_raw_return,policy_mean_raw_return,policy_mean_excess_return,policy_mean_excess_vs_equal_weight,policy_mean_excess_vs_restricted_random,t_statistic,p_value,significant_outperformance,equal_weight_t_statistic,equal_weight_p_value,equal_weight_significant_outperformance,restricted_random_t_statistic,restricted_random_p_value,restricted_random_significant_outperformance
train,288,0.013024505227804184,0.012162960134446621,0.012242303229868412,0.023452477529644966,0.010427971370518208,0.011289516256915199,0.011210172954532836,4.489566348344952,5.173716641201966e-06,True,5.656126648320643,1.8710499942543334e-08,True,5.644312012100495,1.9904103631410696e-08,True
validation,72,0.009761350229382515,0.013781613670289516,0.014728933572769165,0.033127326518297195,0.02336597815155983,0.019345713986290827,0.018398394187291462,4.648133206242376,7.518767508793387e-06,True,5.1054169606948925,1.328026717430947e-06,True,4.89775744889485,2.943570702282644e-06,True
all,360,0.01237187348306179,0.012486690655350685,0.012739629484713078,0.025387445464730263,0.013015571981668472,0.012900755802790324,0.012647817201084561,6.118934760624133,1.23295294370461e-09,True,7.274750525597722,1.0990135471170201e-12,True,7.178878579017091,2.0347720719979017e-12,True
