Split,benchmark_component,equal_weight_component,restricted_random_component,raw_return_component,significance_component,significance_bonus,weight_error_penalty,composite_score
train,23.36970682325812,16.213203062863418,12.11883711541374,9.81802818528241,14.128189830231005,10.0,7.537397146224976,78.11056787082371
validation,29.444646296770753,19.182025958573064,14.261695903053143,9.973511863215862,13.88647854203779,10.0,7.607558369636536,89.14080019401408
all,25.86370488870121,17.18292663048882,12.785655427811951,9.876061896716045,14.692958064636208,10.0,7.551429569721222,82.84987733863301
