Split,samples,benchmark_mean_raw_return,policy_mean_raw_return,policy_mean_excess_return,t_statistic,p_value,significant_outperformance
train,204,0.004890725947916508,0.006024010479450226,0.0011332847643643618,0.40401053697781625,0.34331513236811145,False
validation,52,0.0047249142080545425,0.01527025643736124,0.010545342229306698,2.067835909875607,0.021873044180893867,True
all,256,0.0048570455983281136,0.00803556852042675,0.003178523387759924,1.2907754273647956,0.09897529851686718,False
