Split,samples,benchmark_mean_raw_return,equal_weight_mean_raw_return,restricted_random_mean_raw_return,policy_mean_raw_return,policy_mean_excess_return,policy_mean_excess_vs_equal_weight,policy_mean_excess_vs_restricted_random,t_statistic,p_value,significant_outperformance,equal_weight_t_statistic,equal_weight_p_value,equal_weight_significant_outperformance,restricted_random_t_statistic,restricted_random_p_value,restricted_random_significant_outperformance
train,288,0.013024505227804184,0.012162960134446621,0.012242303229868412,0.011828181333839893,-0.0011963231954723597,-0.00033477859364615544,-0.0004141218960285187,-0.35591433666930056,0.6389169046128966,False,-0.11262015047134288,0.5447947803707562,False,-0.14089000687592165,0.5559721640195399,False
validation,72,0.009761350229382515,0.013781613670289516,0.014728933572769165,0.027513347566127777,0.01775199919939041,0.013731734620200263,0.0127844148212009,2.950501258902978,0.002147527570520978,True,2.801285777052175,0.0032770121150087535,True,2.6314090322996924,0.005211524027978745,True
all,360,0.01237187348306179,0.012486690655350685,0.012739629484713078,0.014965214766561985,0.002593341050669551,0.002478524049123128,0.0022255854474173653,0.8733410085192318,0.19153051245934546,False,0.9582458718922362,0.16929183514691185,False,0.870485704985336,0.19230835662132148,False
