Split,samples,demo_mean_training_reward,policy_mean_excess_return,policy_mean_training_reward,demo_mean_raw_return,demo_mean_excess_return,demo_mean_excess_vs_equal_weight,demo_mean_excess_vs_restricted_random,policy_mean_raw_return,policy_mean_excess_vs_equal_weight,policy_mean_excess_vs_restricted_random,mean_abs_weight_error
train,288.0,0.026592841371893883,-0.0011963231954723597,0.0005210305098444223,0.037899989634752274,0.02487548626959324,0.025737030431628227,0.025657689198851585,0.011828181333839893,-0.0003347785968799144,-0.0004141218960285187,0.15173326432704926
validation,72.0,0.03331330046057701,0.01775199919939041,0.0165285374969244,0.04429811239242554,0.03453676402568817,0.030516497790813446,0.029569178819656372,0.027513347566127777,0.013731734827160835,0.012784414924681187,0.14621101319789886
all,360.0,0.02793692983686924,0.002593341050669551,0.0037225321866571903,0.039179615676403046,0.026807742193341255,0.02669292502105236,0.026439987123012543,0.014965214766561985,0.0024785241112113,0.002225585514679551,0.15062882006168365
