Split,benchmark_component,equal_weight_component,restricted_random_component,raw_return_component,significance_component,significance_bonus,weight_error_penalty,composite_score
train,-3.571945390929889,-0.6693071601654417,-0.6208279842706004,8.283381659473594,-1.0141579371004612,0.0,9.103995859622955,-6.696852672615753
validation,28.325296618975855,17.588268238394484,12.841036789074991,9.91881338067948,10.96915152263869,10.0,8.772660791873932,80.86990575788957
all,7.610177796221339,4.857976636689713,3.28432958991623,9.045176785105005,4.372850140502151,0.0,9.03772920370102,20.13278174473342
