Split,samples,benchmark_mean_raw_return,equal_weight_mean_raw_return,restricted_random_mean_raw_return,policy_mean_raw_return,policy_mean_excess_return,policy_mean_excess_vs_equal_weight,policy_mean_excess_vs_restricted_random,t_statistic,p_value,significant_outperformance,equal_weight_t_statistic,equal_weight_p_value,equal_weight_significant_outperformance,restricted_random_t_statistic,restricted_random_p_value,restricted_random_significant_outperformance
train,60,0.003029261017218232,0.0018186240922659636,0.0012421130668371916,0.09003889560699463,0.08700964599847794,0.08822027544180552,0.0887967864672343,10.656973762720037,1.1231699568769731e-15,True,11.021282886271523,2.968237991642867e-16,True,10.971343515974485,3.5589575107364827e-16,True
validation,15,-0.0031859080772846937,-0.0027519227005541325,-0.0030784010887145996,0.11025907099246979,0.1134449765086174,0.11301099459330241,0.11333747307459513,5.79612078370033,2.317271174870773e-05,True,6.458094365925679,7.511888292600521e-06,True,6.593585468717917,6.0097172942929985e-06,True
all,75,0.0017862272216007113,0.0009045148035511374,0.0003780102706514299,0.09408293664455414,0.09229671210050583,0.09317841927210489,0.09370492378870646,12.064719302586788,1.8858856167129254e-19,True,12.705478779417227,1.402574845654993e-20,True,12.72063166170656,1.3197581443361642e-20,True
