Split,samples,benchmark_mean_raw_return,equal_weight_mean_raw_return,restricted_random_mean_raw_return,policy_mean_raw_return,policy_mean_excess_return,policy_mean_excess_vs_equal_weight,policy_mean_excess_vs_restricted_random,t_statistic,p_value,significant_outperformance,equal_weight_t_statistic,equal_weight_p_value,equal_weight_significant_outperformance,restricted_random_t_statistic,restricted_random_p_value,restricted_random_significant_outperformance
train,72,0.013024505227804184,0.012162960134446621,0.011222947388887405,0.0486898235976696,0.03566531836986542,0.03652686460150613,0.037466877036624484,10.1064882138564,1.0984299362733552e-15,True,12.236123341563848,1.855047997027527e-19,True,11.705111846030604,1.5455905262579876e-18,True
validation,18,0.009761350229382515,0.013781613670289516,0.013932605274021626,0.05503138527274132,0.04527003690600395,0.04124977191289266,0.04109878010219998,4.7750049801783705,8.795631307922118e-05,True,5.710379976895153,1.2756956248009071e-05,True,5.857925271968323,9.498839354678224e-06,True
all,90,0.01237187348306179,0.012486690655350685,0.011764880269765854,0.04995814338326454,0.037586260586977005,0.037471446063783435,0.03819325764973958,11.060810460397338,1.0624873153108459e-18,True,13.4856617226409,1.5837305572107172e-23,True,13.14431448374539,7.294465380539928e-23,True
