Split,samples,benchmark_mean_raw_return,equal_weight_mean_raw_return,restricted_random_mean_raw_return,policy_mean_raw_return,policy_mean_excess_return,policy_mean_excess_vs_equal_weight,policy_mean_excess_vs_restricted_random,t_statistic,p_value,significant_outperformance,equal_weight_t_statistic,equal_weight_p_value,equal_weight_significant_outperformance,restricted_random_t_statistic,restricted_random_p_value,restricted_random_significant_outperformance
train,1440,0.0015687389532104135,0.0014512953348457813,0.001490498543716967,0.0017236392013728619,0.00015490005898755044,0.00027234388722313776,0.00023314058780670165,1.3520040289307242,0.08829323910775562,False,5.834208395657508,3.3328444913314657e-09,True,3.0122015352278337,0.0013194275975517273,True
validation,360,0.0017314078286290169,0.0021964209154248238,0.002220108872279525,0.002331747207790613,0.0006003393209539354,0.00013532621992958917,0.00011163834068510268,2.2448588357676402,0.01269277040405238,True,1.9787198143887397,0.024305723012794038,True,0.6515528399396106,0.25755327548130785,False
all,1800,0.001601272844709456,0.001600320334546268,0.0016364206094294786,0.001845260732807219,0.0002439879026496783,0.00024494035376442804,0.00020884013838238187,2.2981180391953058,0.010834652393257928,True,6.156773300793703,4.566841095240054e-10,True,2.951541581088912,0.0016014201523267555,True
