Split,samples,demo_mean_training_reward,policy_mean_excess_return,policy_mean_training_reward,demo_mean_raw_return,demo_mean_excess_return,demo_mean_excess_vs_equal_weight,demo_mean_excess_vs_restricted_random,policy_mean_raw_return,policy_mean_excess_vs_equal_weight,policy_mean_excess_vs_restricted_random,mean_abs_weight_error
train,1440.0,0.013842862099409103,0.00015490005898755044,0.00036265517701394856,0.015203846618533134,0.01363510824739933,0.01375255174934864,0.013713349588215351,0.0017236392013728619,0.000272343895630911,0.00023314058489631861,0.17824432253837585
validation,360.0,0.01628834754228592,0.0006003393209539354,0.0005362359806895256,0.018083859235048294,0.016352448612451553,0.015887437388300896,0.015863750129938126,0.002331747207790613,0.00013532621960621327,0.00011163834278704599,0.17926998436450958
all,1800.0,0.014331959187984467,0.0002439879026496783,0.0003973713901359588,0.015779849141836166,0.014178575947880745,0.014179528690874577,0.014143428765237331,0.001845260732807219,0.00024494034005329013,0.0002088401379296556,0.17844946682453156
