Split,benchmark_component,equal_weight_component,restricted_random_component,raw_return_component,significance_component,significance_bonus,weight_error_penalty,composite_score
train,0.46466301376547603,0.5445531472479974,0.349647534243241,1.7067702555989444,12.181455174534705,6.666666666666666,10.694659352302551,11.21909643975448
validation,1.798857410784135,0.27063591937461984,0.1674505545647642,2.2903871005502765,7.413893632729393,6.666666666666666,10.756199061870575,7.851692222799279
all,0.7318184962925568,0.4897827617886533,0.3132146735359124,1.8245984757134084,12.796295342413305,10.0,10.706968009471893,15.448741740271942
