Split,samples,benchmark_mean_raw_return,equal_weight_mean_raw_return,restricted_random_mean_raw_return,policy_mean_raw_return,policy_mean_excess_return,policy_mean_excess_vs_equal_weight,policy_mean_excess_vs_restricted_random,t_statistic,p_value,significant_outperformance,equal_weight_t_statistic,equal_weight_p_value,equal_weight_significant_outperformance,restricted_random_t_statistic,restricted_random_p_value,restricted_random_significant_outperformance
train,1440,0.0016855491558089852,0.0015727332793176174,0.0015309912851080298,0.0018482920713722706,0.00016274269728455693,0.00027555856439802383,0.0003173006491528617,1.011704499245391,0.1559247211437086,False,2.239461170537877,0.012639084779329554,True,2.296188003680052,0.010904142381413321,True
validation,360,0.0014055229257792234,0.0019587373826652765,0.001812246977351606,0.002186646917834878,0.0007811239920556545,0.0002279096179538303,0.0003743999534183078,2.4845305502498065,0.006713674596086657,True,1.037320264527115,0.15014240072697618,False,1.335494110842024,0.0912803918867012,False
all,1800,0.0016295439563691616,0.001649934216402471,0.0015872424701228738,0.001915962784551084,0.0002864189737010747,0.00026602877510918514,0.00032872051000595095,1.998620822062275,0.022899819019147827,True,2.4683779514013953,0.006832536063571079,True,2.6526668660085497,0.004028040853661785,True
