Split,samples,demo_mean_training_reward,policy_mean_excess_return,policy_mean_training_reward,demo_mean_raw_return,demo_mean_excess_return,demo_mean_excess_vs_equal_weight,demo_mean_excess_vs_restricted_random,policy_mean_raw_return,policy_mean_excess_vs_equal_weight,policy_mean_excess_vs_restricted_random,mean_abs_weight_error
train,1440.0,0.010826638899743557,0.00016274269728455693,0.0003960539470426738,0.012278877198696136,0.01059332862496376,0.010706143453717232,0.010747885331511497,0.0018482920713722706,0.0002755585592240095,0.00031730064074508846,0.16000522673130035
validation,360.0,0.013719198293983936,0.0007811239920556545,0.0006743671838194132,0.015231477096676826,0.01382595393806696,0.013272740878164768,0.013419230468571186,0.002186646917834878,0.0002279096224810928,0.0003743999404832721,0.15331150591373444
all,1800.0,0.011405151337385178,0.0002864189737010747,0.0004517165943980217,0.012869398109614849,0.011239852756261826,0.011219463311135769,0.011282156221568584,0.001915962784551084,0.0002660287718754262,0.00032872051815502346,0.1586664617061615
