Split,benchmark_component,equal_weight_component,restricted_random_component,raw_return_component,significance_component,significance_bonus,weight_error_penalty,composite_score
train,0.48818499371421875,0.5509776787719477,0.47579130935490005,1.827528734018057,8.228960936977751,6.666666666666666,9.600313603878021,8.63779671562552
validation,2.3386175149773174,0.4557403305530388,0.5613376690006592,2.1524498530742053,7.3914693584815945,3.333333333333333,9.198690354824066,7.034257704596083
all,0.8590220320021656,0.531932071041582,0.49290323869425895,1.892857549791143,9.88525502238591,10.0,9.51998770236969,14.141982211545368
