Split,samples,benchmark_mean_raw_return,equal_weight_mean_raw_return,restricted_random_mean_raw_return,policy_mean_raw_return,policy_mean_excess_return,policy_mean_excess_vs_equal_weight,policy_mean_excess_vs_restricted_random,t_statistic,p_value,significant_outperformance,equal_weight_t_statistic,equal_weight_p_value,equal_weight_significant_outperformance,restricted_random_t_statistic,restricted_random_p_value,restricted_random_significant_outperformance
train,188,0.0012792273191735148,0.0012130974791944027,0.0013298005796968937,0.05376667156815529,0.052487440407276154,0.05255357508963727,0.0524368720485809,22.033793436406707,3.655641392485023e-54,True,22.824304021090107,2.9662325094858514e-56,True,22.490766226096653,2.2397594430468468e-55,True
validation,48,-0.0010133422911167145,-0.000317027181154117,0.0004572967591229826,0.06026250123977661,0.06127585098147392,0.06057953089475632,0.05980520695447922,14.760892448997895,1.430758724151871e-19,True,15.588096463325883,1.688856716067251e-20,True,15.49935338564188,2.116097493143257e-20,True
all,236,0.0008129419293254614,0.0009018857381306589,0.0011523421853780746,0.0550878569483757,0.05427492409944534,0.05418597288050894,0.053935516436221236,26.018831761574567,1.9107616020132207e-71,True,27.027291044710672,2.335207103507484e-74,True,26.673234820163266,2.4247444849255606e-73,True
