Split,samples,demo_mean_training_reward,policy_mean_excess_return,policy_mean_training_reward,demo_mean_raw_return,demo_mean_excess_return,demo_mean_excess_vs_equal_weight,demo_mean_excess_vs_restricted_random,policy_mean_raw_return,policy_mean_excess_vs_equal_weight,policy_mean_excess_vs_restricted_random,mean_abs_weight_error
train,360.0,0.028750821948051453,0.01368409302085638,0.015400979667901993,0.0400584414601326,0.027033936232328415,0.027895482257008553,0.027813797816634178,0.02670859731733799,0.014545636251568794,0.014463954605162144,0.11656741797924042
validation,90.0,0.03544935584068298,0.019086234271526337,0.017854975536465645,0.04644196853041649,0.036680612713098526,0.0326603464782238,0.031674038618803024,0.028847586363554,0.01506597176194191,0.01407965924590826,0.1267215609550476
all,450.0,0.03009052760899067,0.014764521270990372,0.015891777351498604,0.04133514314889908,0.028963271528482437,0.028848452493548393,0.028585845604538918,0.02713639661669731,0.014649703167378902,0.014387094415724277,0.11859823763370514
