Split,benchmark_component,equal_weight_component,restricted_random_component,raw_return_component,significance_component,significance_bonus,weight_error_penalty,composite_score
train,26.349874984744783,17.931831826850765,13.4246673301586,9.90470361454651,14.978989018339757,10.0,6.994045078754425,85.596021695886
validation,28.709089596172984,18.126666122099255,13.305921204496226,9.937768962094136,14.54987290149544,10.0,7.6032936573028564,87.0260251290552
all,27.024034334550052,17.972272705175453,13.401564573573394,9.912483896000282,14.992998221978409,10.0,7.115894258022308,86.18745947325529
