Split,samples,benchmark_mean_raw_return,equal_weight_mean_raw_return,restricted_random_mean_raw_return,policy_mean_raw_return,policy_mean_excess_return,policy_mean_excess_vs_equal_weight,policy_mean_excess_vs_restricted_random,t_statistic,p_value,significant_outperformance,equal_weight_t_statistic,equal_weight_p_value,equal_weight_significant_outperformance,restricted_random_t_statistic,restricted_random_p_value,restricted_random_significant_outperformance
train,1020,0.002782725263386965,0.002509318757802248,0.002367197535932064,0.0025566546246409416,-0.0002260705950902775,4.733572987949147e-05,0.00018945710331785912,-1.68839414914711,0.9541792185898296,False,6.391116636028102,1.2508638924014556e-10,True,1.888096306073721,0.02964845739336063,True
validation,255,0.002360426587983966,0.0031370450742542744,0.0029814965091645718,0.003101775888353586,0.0007413492421619594,-3.526912016027114e-05,0.00012027936823227827,2.1348874796678263,0.016863748088830375,True,-1.9499417952369562,0.9738583734497771,False,0.5032275244944276,0.30762020863523093,False
all,1275,0.0026982654817402363,0.002634864067658782,0.0024900573771446943,0.002665678970515728,-3.258663127780892e-05,3.081475987153895e-05,0.00017562155630074296,-0.25447653618039223,0.6004157515553439,False,4.401980966117995,5.812099672172744e-06,True,1.88056277258904,0.03012968828979748,True
