Split,samples,demo_mean_training_reward,policy_mean_excess_return,policy_mean_training_reward,demo_mean_raw_return,demo_mean_excess_return,demo_mean_excess_vs_equal_weight,demo_mean_excess_vs_restricted_random,policy_mean_raw_return,policy_mean_excess_vs_equal_weight,policy_mean_excess_vs_restricted_random,mean_abs_weight_error
train,1020.0,0.01733272522687912,-0.0002260705950902775,0.00021732936147600412,0.019672049209475517,0.01688932441174984,0.017162730917334557,0.017304854467511177,0.0025566546246409416,4.733572859549895e-05,0.0001894571032607928,0.17954900860786438
validation,255.0,0.02050665020942688,0.0007413492421619594,0.0006201923824846745,0.022988231852650642,0.020627805963158607,0.019851187244057655,0.020006736740469933,0.003101775888353586,-3.5269120417069644e-05,0.0001202793646370992,0.17998039722442627
all,1275.0,0.017967509105801582,-3.258663127780892e-05,0.00029790200642310083,0.020335286855697632,0.017637021839618683,0.017700422555208206,0.01784522831439972,0.002665678970515728,3.0814760975772515e-05,0.00017562154971528798,0.17963528633117676
