Split,benchmark_component,equal_weight_component,restricted_random_component,raw_return_component,significance_component,significance_bonus,weight_error_penalty,composite_score
train,-0.678096268920736,0.09467075267323695,0.2841516579972834,2.502368449549868,9.367177522006921,6.666666666666666,10.772940516471863,7.463998263501377
validation,2.2199822180557134,-0.07053794784439238,0.18041035236774083,3.005986477586435,1.1447252638145409,3.333333333333333,10.798823833465576,-0.9849241361522054
all,-0.09775954780119407,0.06162932467623516,0.26340525437427686,2.604283774345853,8.772578991424563,6.666666666666666,10.778117179870605,7.492687283815794
