Split,samples,demo_mean_training_reward,policy_mean_excess_return,policy_mean_training_reward,demo_mean_raw_return,demo_mean_excess_return,demo_mean_excess_vs_equal_weight,demo_mean_excess_vs_restricted_random,policy_mean_raw_return,policy_mean_excess_vs_equal_weight,policy_mean_excess_vs_restricted_random,mean_abs_weight_error
train,288.0,0.026592841371893883,0.0012427071342244744,0.0029600607231259346,0.037899989634752274,0.02487548626959324,0.025737030431628227,0.025657689198851585,0.014267212711274624,0.0021042516455054283,0.0020249085500836372,0.1477486491203308
validation,72.0,0.03331330046057701,0.02152816206216812,0.02030470222234726,0.04429811239242554,0.03453676402568817,0.030516497790813446,0.029569178819656372,0.03128951042890549,0.017507897689938545,0.016560576856136322,0.14827105402946472
all,360.0,0.02793692983686924,0.005299795418977737,0.006428986322134733,0.039179615676403046,0.026807742193341255,0.02669292502105236,0.026439987123012543,0.017671670764684677,0.005184978246688843,0.00493203941732645,0.14785313606262207
