Split,samples,benchmark_mean_raw_return,policy_mean_raw_return,policy_mean_excess_return,t_statistic,p_value,significant_outperformance
train,204,0.0032454472966492176,0.0031985309906303883,-4.691616049967706e-05,-0.5165414423465876,0.6969807256699609,False
validation,52,0.0013659459073096514,0.0017936103977262974,0.00042766446131281555,1.8367432863970587,0.03603937085601991,True
all,256,0.0028636734932661057,0.0029230033978819847,5.932990461587906e-05,0.2893924265791295,0.38625811906475027,False
