Split,samples,benchmark_mean_raw_return,equal_weight_mean_raw_return,restricted_random_mean_raw_return,policy_mean_raw_return,policy_mean_excess_return,policy_mean_excess_vs_equal_weight,policy_mean_excess_vs_restricted_random,t_statistic,p_value,significant_outperformance,equal_weight_t_statistic,equal_weight_p_value,equal_weight_significant_outperformance,restricted_random_t_statistic,restricted_random_p_value,restricted_random_significant_outperformance
train,1440,0.0015687389532104135,0.0014512953348457813,0.001490498543716967,0.001600200543180108,3.146148446830921e-05,0.00014890531698862712,0.00010970201757219103,0.3015361223839603,0.3815246387085098,False,4.535880822946822,3.1065034316166807e-06,True,1.5633127201999113,0.05909946667546388,False
validation,360,0.0017314078286290169,0.0021964209154248238,0.002220108872279525,0.002215553307905793,0.00048414550838060677,1.9132428699069552e-05,-4.555450545416938e-06,2.0033874071830367,0.02294344874457785,True,0.4120921591836782,0.340258913248742,False,-0.02886129781132098,0.5115043750535659,False
all,1800,0.001601272844709456,0.001600320334546268,0.0016364206094294786,0.001723271212540567,0.0001219982877955772,0.0001229507393307156,8.685052394866943e-05,1.2640216459941167,0.1031930053928772,False,4.410385476983593,5.4646011732560454e-06,True,1.3487439747187386,0.08879448367133021,False
