Split,samples,demo_mean_training_reward,policy_mean_excess_return,policy_mean_training_reward,demo_mean_raw_return,demo_mean_excess_return,demo_mean_excess_vs_equal_weight,demo_mean_excess_vs_restricted_random,policy_mean_raw_return,policy_mean_excess_vs_equal_weight,policy_mean_excess_vs_restricted_random,mean_abs_weight_error
train,1440.0,0.013842862099409103,3.146148446830921e-05,0.0002392166352365166,0.015203846618533134,0.01363510824739933,0.01375255174934864,0.013713349588215351,0.001600200543180108,0.00014890531019773334,0.00010970201401505619,0.1791365146636963
validation,360.0,0.01628834754228592,0.00048414550838060677,0.00042004219722002745,0.018083859235048294,0.016352448612451553,0.015887437388300896,0.015863750129938126,0.002215553307905793,1.91324288607575e-05,-4.5554506868938915e-06,0.1797810196876526
all,1800.0,0.014331959187984467,0.0001219982877955772,0.0002753817243501544,0.015779849141836166,0.014178575947880745,0.014179528690874577,0.014143428765237331,0.001723271212540567,0.00012295073247514665,8.685052307555452e-05,0.17926540970802307
