Split,benchmark_component,equal_weight_component,restricted_random_component,raw_return_component,significance_component,significance_bonus,weight_error_penalty,composite_score
train,0.0943841419925204,0.2977886249503663,0.1645464256134675,1.5866805379920144,9.171358149112885,3.333333333333333,10.748190879821777,3.899900333172809
validation,1.4513027661943714,0.038264810708725915,-0.006833175345448944,2.179999780247724,3.887009478156929,3.333333333333333,10.786861181259155,0.09621581203647978
all,0.3659767067521967,0.24588908852995606,0.1302725104484544,1.7064129842756817,9.79361431394033,3.333333333333333,10.755924582481384,4.819574354798565
