Split,samples,benchmark_mean_raw_return,equal_weight_mean_raw_return,restricted_random_mean_raw_return,policy_mean_raw_return,policy_mean_excess_return,policy_mean_excess_vs_equal_weight,policy_mean_excess_vs_restricted_random,t_statistic,p_value,significant_outperformance,equal_weight_t_statistic,equal_weight_p_value,equal_weight_significant_outperformance,restricted_random_t_statistic,restricted_random_p_value,restricted_random_significant_outperformance
train,14,0.007191773038357496,0.005960226058959961,0.0064672743901610374,0.16354672610759735,0.15635497868061066,0.15758650643484934,0.15707945823669434,8.55502136257401,5.324701829220825e-07,True,8.680354021549482,4.524969361992969e-07,True,8.446850256143682,6.136204168513569e-07,True
validation,4,-0.0071656107902526855,-0.011066541075706482,-0.006671294569969177,0.16588905453681946,0.17305466532707214,0.17695559561252594,0.17256034910678864,3.461897369872549,0.02029210323991132,True,4.034122381697849,0.013695993351446232,True,4.088008774076844,0.013226790153519309,True
all,18,0.00400124303996563,0.0021764999255537987,0.003547592321410775,0.16406725347042084,0.16006600856781006,0.16189074847433302,0.1605196562078264,9.249148919790134,2.3999377873069542e-08,True,9.757139864966037,1.1086596410067121e-08,True,9.627426372121281,1.3466359002700657e-08,True
