Split,samples,benchmark_mean_raw_return,policy_mean_raw_return,policy_mean_excess_return,t_statistic,p_value,significant_outperformance
train,204,0.0028800435829907656,0.005830031353980303,0.0029499875381588936,1.0509641323687502,0.1472622716758307,False
validation,52,-0.002368713729083538,0.0034938787575811148,0.0058625927194952965,1.1480774515875913,0.1281466860770108,False
all,256,0.0018138897139579058,0.005463504232466221,0.003649614518508315,1.6263871489207231,0.05255121223315294,False
