Split,samples,benchmark_mean_raw_return,equal_weight_mean_raw_return,restricted_random_mean_raw_return,policy_mean_raw_return,policy_mean_excess_return,policy_mean_excess_vs_equal_weight,policy_mean_excess_vs_restricted_random,t_statistic,p_value,significant_outperformance,equal_weight_t_statistic,equal_weight_p_value,equal_weight_significant_outperformance,restricted_random_t_statistic,restricted_random_p_value,restricted_random_significant_outperformance
train,1440,0.0027093938551843166,0.0024270808789879084,0.002306615235283971,0.002565628383308649,-0.00014376570470631123,0.00013854743705855475,0.0002590129358900918,-1.043024782251254,0.8514439969619524,False,2.3093147033898034,0.010533579139191113,True,2.4912837120943183,0.006420089010071259,True
validation,360,0.0024596410803496838,0.003182363463565707,0.0029067760333418846,0.0034074571449309587,0.0009478161809965968,0.0002250936296251085,0.0005006810029347737,2.954762484587301,0.0016677898907975428,True,2.8359559166347172,0.002413913389242156,True,2.3439612439540967,0.009812444416605023,True
all,1800,0.0026594435330480337,0.002578137209638953,0.0024266475811600685,0.0027339940425008535,7.455067679984495e-05,0.00015585667557186552,0.0003073465492990282,0.5826741429786235,0.28009285270007767,False,3.0831607750025904,0.001039627752955105,True,3.2869525093737804,0.0005161404980107962,True
