Split,samples,demo_mean_training_reward,policy_mean_excess_return,policy_mean_training_reward,demo_mean_raw_return,demo_mean_excess_return,demo_mean_excess_vs_equal_weight,demo_mean_excess_vs_restricted_random,policy_mean_raw_return,policy_mean_excess_vs_equal_weight,policy_mean_excess_vs_restricted_random,mean_abs_weight_error
train,1440.0,0.013332372531294823,-0.00014376570470631123,0.000292423355858773,0.015605577267706394,0.01289618294686079,0.01317849662154913,0.013298962265253067,0.002565628383308649,0.00013854743156116456,0.00025901294429786503,0.13694439828395844
validation,360.0,0.015686005353927612,0.0009478161809965968,0.0008875365019775927,0.018205923959612846,0.015746284276247025,0.01502356119453907,0.015299147926270962,0.0034074571449309587,0.00022509362315759063,0.0005006809951737523,0.13829408586025238
all,1800.0,0.013803099282085896,7.455067679984495e-05,0.00041144597344100475,0.016125647351145744,0.013466203585267067,0.013547509908676147,0.013698999769985676,0.0027339940425008535,0.00015585667279083282,0.0003073465486522764,0.13721434772014618
