Split,samples,benchmark_mean_raw_return,equal_weight_mean_raw_return,restricted_random_mean_raw_return,policy_mean_raw_return,policy_mean_excess_return,policy_mean_excess_vs_equal_weight,policy_mean_excess_vs_restricted_random,t_statistic,p_value,significant_outperformance,equal_weight_t_statistic,equal_weight_p_value,equal_weight_significant_outperformance,restricted_random_t_statistic,restricted_random_p_value,restricted_random_significant_outperformance
train,360,0.013024505227804184,0.012162961065769196,0.012244642712175846,0.030197609215974808,0.017173103988170624,0.018034650219811335,0.017952967683474222,10.576753878218401,3.058269112083482e-23,True,13.044480636390697,2.1024924565852125e-32,True,12.733346355954861,3.314285776891858e-31,True
validation,90,0.009761350229382515,0.013781613670289516,0.014767925255000591,0.028874244540929794,0.01911289431154728,0.015092631181081137,0.014106319348017374,4.210472951849137,3.0401505020677576e-05,True,4.126850253989377,4.131040779571281e-05,True,3.9196143103520833,8.693783575457522e-05,True
all,450,0.01237187534570694,0.012486690655350685,0.01274929940700531,0.029932938516139984,0.017561065033078194,0.017446246412065294,0.017183638016382854,11.09656887405581,9.456838580436153e-26,True,13.165720682762476,5.252061815216434e-34,True,12.84269019374716,1.1304264256216761e-32,True
