Split,samples,demo_mean_training_reward,policy_mean_excess_return,policy_mean_training_reward,demo_mean_raw_return,demo_mean_excess_return,demo_mean_excess_vs_equal_weight,demo_mean_excess_vs_restricted_random,policy_mean_raw_return,policy_mean_excess_vs_equal_weight,policy_mean_excess_vs_restricted_random,mean_abs_weight_error
train,360.0,0.028750821948051453,0.017173103988170624,0.01888999342918396,0.0400584414601326,0.027033936232328415,0.027895482257008553,0.027813797816634178,0.030197609215974808,0.01803465001285076,0.017952967435121536,0.1404624879360199
validation,90.0,0.03544935584068298,0.01911289431154728,0.017881635576486588,0.04644196853041649,0.036680612713098526,0.0326603464782238,0.031674038618803024,0.028874244540929794,0.015092630870640278,0.014106318354606628,0.1481514424085617
all,450.0,0.03009052760899067,0.017561065033078194,0.018688321113586426,0.04133514314889908,0.028963271528482437,0.028848452493548393,0.028585845604538918,0.029932938516139984,0.0174462478607893,0.017183637246489525,0.14200030267238617
