Split,benchmark_component,equal_weight_component,restricted_random_component,raw_return_component,significance_component,significance_bonus,weight_error_penalty,composite_score
train,28.12615052081629,18.943273401796596,14.194751682726995,9.952459316199292,14.99070155747688,10.0,8.427749276161194,87.77958720285486
validation,28.715807493542894,18.136163906680434,13.314423774052255,9.938098848186748,13.15243256690382,10.0,8.889086544513702,84.36784004485244
all,28.261996546455528,18.81521304207476,14.06498564422661,9.949881471113335,14.992129361296122,10.0,8.52001816034317,87.56418790482319
