Split,samples,demo_mean_training_reward,policy_mean_excess_return,policy_mean_training_reward,demo_mean_raw_return,demo_mean_excess_return,demo_mean_excess_vs_equal_weight,demo_mean_excess_vs_restricted_random,policy_mean_raw_return,policy_mean_excess_vs_equal_weight,policy_mean_excess_vs_restricted_random,mean_abs_weight_error
train,1440.0,0.013842862099409103,0.0002647670917212963,0.00047252222429960966,0.015203846618533134,0.01363510824739933,0.01375255174934864,0.013713349588215351,0.0018335060449317098,0.0003822109429165721,0.00034300764673389494,0.17837189137935638
validation,360.0,0.01628834754228592,0.000499115907587111,0.0004350125673227012,0.018083859235048294,0.016352448612451553,0.015887437388300896,0.015863750129938126,0.002230523619800806,3.410279896343127e-05,1.0414918506285176e-05,0.17985571920871735
all,1800.0,0.014331959187984467,0.00031163686071522534,0.0004650202754419297,0.015779849141836166,0.014178575947880745,0.014179528690874577,0.014143428765237331,0.001912909559905529,0.0003125893126707524,0.00027648909599520266,0.17866864800453186
