Split,benchmark_component,equal_weight_component,restricted_random_component,raw_return_component,significance_component,significance_bonus,weight_error_penalty,composite_score
train,0.7941157211926305,0.764049851958396,0.5143097670149143,1.8132326877051663,12.450364428375902,10.0,10.702313482761383,15.633758973485627
validation,1.4961055794768578,0.06820533060717145,0.015622371747074206,2.1942539806375687,5.8196268150830655,3.333333333333333,10.79134315252304,2.135804258362029
all,0.934608045640619,0.6249750698075536,0.41462798794496525,1.8899135493759898,12.726217178917322,10.0,10.720118880271912,15.870222951414537
