Split,samples,demo_mean_training_reward,policy_mean_excess_return,policy_mean_training_reward,demo_mean_raw_return,demo_mean_excess_return,demo_mean_excess_vs_equal_weight,demo_mean_excess_vs_restricted_random,policy_mean_raw_return,policy_mean_excess_vs_equal_weight,policy_mean_excess_vs_restricted_random,mean_abs_weight_error
train,1440.0,0.00990693736821413,0.00046820827992632985,0.0006917122518643737,0.01135670579969883,0.00968343298882246,0.00978835765272379,0.009806930087506771,0.002141480566933751,0.0005731330602429807,0.0005917049711570144,0.14261840283870697
validation,360.0,0.012870571576058865,0.0012722474057227373,0.0012359743705019355,0.014774306677281857,0.012906845659017563,0.012422585859894753,0.012518138624727726,0.0031397100538015366,0.0007879877812229097,0.000883540022186935,0.14452840387821198
all,1800.0,0.010499663650989532,0.000629016081802547,0.0008005647105164826,0.012040224857628345,0.010328114964067936,0.010315204039216042,0.010349171236157417,0.002341126324608922,0.0006161039927974343,0.0006500719464384019,0.14300039410591125
