Split,benchmark_component,equal_weight_component,restricted_random_component,raw_return_component,significance_component,significance_bonus,weight_error_penalty,composite_score
train,1.403599337529656,1.1450126689234321,0.8865231168554295,2.10933445456841,9.131679979214175,6.666666666666666,8.557104170322418,12.78571205343535
validation,3.7962819085183175,1.5727218235679943,1.3218721099183819,3.0404534611413334,8.342255827631085,10.0,8.671704232692719,19.401880898084393
all,1.8845634051798412,1.2306512883648306,0.9737367342172218,2.2992722895005597,10.83268545452353,10.0,8.580023646354675,18.640885525431308
