Split,samples,benchmark_mean_raw_return,equal_weight_mean_raw_return,restricted_random_mean_raw_return,policy_mean_raw_return,policy_mean_excess_return,policy_mean_excess_vs_equal_weight,policy_mean_excess_vs_restricted_random,t_statistic,p_value,significant_outperformance,equal_weight_t_statistic,equal_weight_p_value,equal_weight_significant_outperformance,restricted_random_t_statistic,restricted_random_p_value,restricted_random_significant_outperformance
train,1020,0.002782725263386965,0.002509318757802248,0.002367197535932064,0.003349932609125972,0.0005672072875313461,0.0008406135965796078,0.0009827349700179755,2.790011533020007,0.002684465077261956,True,7.8301597715901705,6.087918683339114e-15,True,6.76299962108366,1.136891390642719e-11,True
validation,255,0.002360426587983966,0.0031370450742542744,0.0029814965091645718,0.0031473608687520027,0.000786934164352715,1.0315810932832605e-05,0.000165864299325382,2.0714970966549644,0.019661026846231274,True,0.0929712770144318,0.4629998345854829,False,0.63851463736402,0.2618570128928149,False
all,1275,0.0026982654817402363,0.002634864067658782,0.0024900573771446943,0.0033094182144850492,0.000611152674537152,0.0006745540394502528,0.0008193608358794568,3.405456750779538,0.0003405469503175007,True,7.564363899279868,3.716923366488564e-14,True,6.4205854408049,9.557309512085729e-11,True
