Split,samples,demo_mean_training_reward,policy_mean_excess_return,policy_mean_training_reward,demo_mean_raw_return,demo_mean_excess_return,demo_mean_excess_vs_equal_weight,demo_mean_excess_vs_restricted_random,policy_mean_raw_return,policy_mean_excess_vs_equal_weight,policy_mean_excess_vs_restricted_random,mean_abs_weight_error
train,1020.0,0.01733272522687912,0.0005672072875313461,0.0010106072295457125,0.019672049209475517,0.01688932441174984,0.017162730917334557,0.017304854467511177,0.003349932609125972,0.0008406136184930801,0.000982734956778586,0.17426279187202454
validation,255.0,0.02050665020942688,0.000786934164352715,0.000665777362883091,0.022988231852650642,0.020627805963158607,0.019851187244057655,0.020006736740469933,0.0031473608687520027,1.031581086863298e-05,0.00016586430137977004,0.1791951060295105
all,1275.0,0.017967509105801582,0.000611152674537152,0.0009416412794962525,0.020335286855697632,0.017637021839618683,0.017700422555208206,0.01784522831439972,0.0033094182144850492,0.0006745540304109454,0.0008193608955480158,0.17524924874305725
