Split,benchmark_component,equal_weight_component,restricted_random_component,raw_return_component,significance_component,significance_bonus,weight_error_penalty,composite_score
train,1.6997993653425034,1.677278328945002,1.469375245700619,3.2300028241511995,14.382772944776002,10.0,10.455767512321472,22.003461196593854
validation,2.3559413232841657,0.020631614547222496,0.2487736360631689,3.047395391242718,4.5262331368369475,3.333333333333333,10.75170636177063,2.780602073536926
all,1.8311787272532463,1.34706554505194,1.2262982213328135,3.1936679135336727,14.383744164926412,10.0,10.514954924583435,21.466999647514648
