Split,samples,benchmark_mean_raw_return,policy_mean_raw_return,policy_mean_excess_return,t_statistic,p_value,significant_outperformance
train,204,0.0063964021392166615,0.003906602505594492,-0.0024897996336221695,-1.1586171476457554,0.8760132764694746,False
validation,52,-0.008272363804280758,-0.011201167479157448,-0.00292880367487669,-0.7518613219312033,0.7722047904626538,False
all,256,0.00341680902056396,0.00598771870136261,0.002570909447968006,2.3463436905618713,0.009862380639473468,True
