Split,samples,benchmark_mean_raw_return,equal_weight_mean_raw_return,restricted_random_mean_raw_return,policy_mean_raw_return,policy_mean_excess_return,policy_mean_excess_vs_equal_weight,policy_mean_excess_vs_restricted_random,t_statistic,p_value,significant_outperformance,equal_weight_t_statistic,equal_weight_p_value,equal_weight_significant_outperformance,restricted_random_t_statistic,restricted_random_p_value,restricted_random_significant_outperformance
train,1440,0.0006749174208380282,0.0005985188763588667,0.0006190782878547907,0.0005984730087220669,-7.64444048400037e-05,-4.58624627855089e-08,-2.0605242914623685e-05,-1.35021362188461,0.9114201048154049,False,-1.126116439264355,0.869847998271574,False,-0.4995984278209323,0.6912828787733979,False
validation,360,0.0005946859600953758,0.0007795037236064672,0.0008003345574252307,0.0007795714773237705,0.0001848854881245643,6.771749920315212e-08,-2.0763112439049615e-05,1.2084229934201842,0.11383998326998025,False,0.6159154986556467,0.26917029499955397,False,-0.24782432497924795,0.5977939914455762,False
all,1800,0.0006588711403310299,0.0006347158341668546,0.00065532949520275,0.000634692725725472,-2.417842551949434e-05,-2.314647038777669e-08,-2.063681681950887e-05,-0.44206158123590333,0.670751110235779,False,-0.5888771622502559,0.7219911950668855,False,-0.5578208393975967,0.7114819318760128,False
