Split,samples,demo_mean_training_reward,policy_mean_excess_return,policy_mean_training_reward,demo_mean_raw_return,demo_mean_excess_return,demo_mean_excess_vs_equal_weight,demo_mean_excess_vs_restricted_random,policy_mean_raw_return,policy_mean_excess_vs_equal_weight,policy_mean_excess_vs_restricted_random,mean_abs_weight_error
train,1440.0,0.00599264120683074,-7.64444048400037e-05,2.5134733732556924e-05,0.00656597875058651,0.005891061387956142,0.005967460107058287,0.005946900229901075,0.0005984730087220669,-4.5862464048695983e-08,-2.0605242752935737e-05,0.1353580355644226
validation,360.0,0.00714359525591135,0.0001848854881245643,0.00014777903561480343,0.007775387726724148,0.0071807014755904675,0.00699588330462575,0.0069750528782606125,0.0007795714773237705,6.771750094003437e-08,-2.0763112843269482e-05,0.13932737708091736
all,1800.0,0.006222831550985575,-2.417842551949434e-05,4.966359483660199e-05,0.00680786045268178,0.00614898931235075,0.006173144560307264,0.006152531132102013,0.000634692725725472,-2.314646962986444e-08,-2.0636816771002486e-05,0.13615190982818604
