Split,benchmark_component,equal_weight_component,restricted_random_component,raw_return_component,significance_component,significance_bonus,weight_error_penalty,composite_score
train,-0.22932874740679132,-9.172492557037469e-05,-0.030907820629548072,0.5977595141041939,-4.786688141899282,0.0,8.121482133865356,-12.570739054622354
validation,0.5545932742660047,0.00013543499840423405,-0.031144623903052827,0.7779960726063424,2.6009751733319697,0.0,8.359642624855042,-4.457087293555373
all,-0.07253513521264207,-4.62929407754707e-05,-0.03095518128548529,0.6338418422518353,-2.6207658803787175,0.0,8.169114589691162,-10.259575237256946
