Split,samples,benchmark_mean_raw_return,equal_weight_mean_raw_return,restricted_random_mean_raw_return,policy_mean_raw_return,policy_mean_excess_return,policy_mean_excess_vs_equal_weight,policy_mean_excess_vs_restricted_random,t_statistic,p_value,significant_outperformance,equal_weight_t_statistic,equal_weight_p_value,equal_weight_significant_outperformance,restricted_random_t_statistic,restricted_random_p_value,restricted_random_significant_outperformance
train,61,0.012941828928887844,0.014281068928539753,0.014276965521275997,0.232517808675766,0.21957597136497498,0.21823672876983394,0.2182408317190702,15.03857266414672,2.5445591799232753e-22,True,16.070555291710612,1.0345163127080813e-23,True,15.856845873462559,1.9868400198786046e-23,True
validation,16,0.008758168667554855,0.01320451870560646,0.017342787235975266,0.3448001742362976,0.33604198694229126,0.33159564808011055,0.32745737954974174,7.195210377578648,1.5488586685153064e-06,True,7.173902194711576,1.6040987545055969e-06,True,7.396146720924835,1.1162927383947986e-06,True
all,77,0.012072497047483921,0.014057369902729988,0.014914019964635372,0.2558492422103882,0.24377669394016266,0.24179182888625503,0.2409351793202487,15.351396268928678,2.6837678436416055e-25,True,15.915865833323439,3.281592567122273e-26,True,16.07310483263751,1.8406729601108e-26,True
