Split,samples,demo_mean_training_reward,policy_mean_excess_return,policy_mean_training_reward,demo_mean_raw_return,demo_mean_excess_return,demo_mean_excess_vs_equal_weight,demo_mean_excess_vs_restricted_random,policy_mean_raw_return,policy_mean_excess_vs_equal_weight,policy_mean_excess_vs_restricted_random,mean_abs_weight_error
train,268.0,0.026398463174700737,-0.0013214456848800182,0.0005733245052397251,0.03786880895495415,0.024503692984580994,0.025636062026023865,0.025596430525183678,0.012043671682476997,-0.00018907571211457253,-0.00022870858083479106,0.14909479022026062
validation,68.0,0.03416552394628525,0.020681774243712425,0.018448399379849434,0.04322659596800804,0.03639889508485794,0.030948681756854057,0.029993517324328423,0.02750946767628193,0.015231557190418243,0.01427638903260231,0.13823872804641724
all,336.0,0.027970368042588234,0.0031315868254750967,0.004190899897366762,0.03895312175154686,0.02691105380654335,0.02671123668551445,0.026486316695809364,0.015173654071986675,0.002931766677647829,0.002706846920773387,0.14689771831035614
