Split,samples,benchmark_mean_raw_return,equal_weight_mean_raw_return,restricted_random_mean_raw_return,policy_mean_raw_return,policy_mean_excess_return,policy_mean_excess_vs_equal_weight,policy_mean_excess_vs_restricted_random,t_statistic,p_value,significant_outperformance,equal_weight_t_statistic,equal_weight_p_value,equal_weight_significant_outperformance,restricted_random_t_statistic,restricted_random_p_value,restricted_random_significant_outperformance
train,38,0.0014467333676293492,0.002220665104687214,0.00122005061712116,0.002370556816458702,0.0009238233906216919,0.00014989156472055534,0.001150506107430709,0.30576030282218103,0.3807504524615788,False,1.9778354402118388,0.0277156084119813,True,0.7164360074355958,0.2391100763484591,False
validation,10,-0.000586646783631295,-0.002142655896022916,-0.002884429646655917,-0.0021490990184247494,-0.0015624522930011153,-6.443262100219726e-06,0.000735330581665039,-0.27053998192900247,0.603576616986496,False,-0.06769905382513469,0.5262473207104168,False,0.30652542401828897,0.3830887636874038,False
all,48,0.00102311244700104,0.0013116399059072137,0.00036495053791441023,0.0014289604732766747,0.00040584802627563477,0.00011732056736946106,0.001064009964466095,0.15294177047960184,0.4395494647068199,False,1.8488589053074909,0.035386902513752996,True,0.7849569598090548,0.21820887453008422,False
