Split,samples,benchmark_mean_raw_return,equal_weight_mean_raw_return,restricted_random_mean_raw_return,markowitz_mean_raw_return,policy_mean_raw_return,policy_mean_excess_return,policy_mean_excess_vs_equal_weight,policy_mean_excess_vs_restricted_random,policy_mean_excess_vs_markowitz,t_statistic,p_value,significant_outperformance,equal_weight_t_statistic,equal_weight_p_value,equal_weight_significant_outperformance,restricted_random_t_statistic,restricted_random_p_value,restricted_random_significant_outperformance,markowitz_t_statistic,markowitz_p_value,markowitz_significant_outperformance
train,100,0.005514001939445734,0.00917598232626915,0.008626398630440235,0.01413432601839304,0.035128504037857056,0.029614506289362907,0.025952519178390504,0.026502102613449097,0.020994176864624025,9.617481803326497,3.737377642864761e-16,True,9.659909745616314,3.0199253900764196e-16,True,9.550659705752373,5.228169583146678e-16,True,9.13327832248776,4.247889582557129e-15,True
validation,26,0.0052915881387889385,0.0036277221515774727,0.0042222896590828896,-0.005338207818567753,0.015045748092234135,0.009754160419106483,0.011418026227217454,0.010823458433151245,0.020383956340643074,2.909569434471056,0.0037476701009846415,True,4.803579085880303,3.099371161998951e-05,True,4.320147386495746,0.00010849450158602904,True,7.241605969356457,6.870572313101037e-08,True
all,126,0.0054681068286299706,0.008031103760004044,0.0077176145277917385,0.010116183198988438,0.030984440818428993,0.025516336783766747,0.02295333809322781,0.02326682683021303,0.020868258343802557,9.685506940478557,3.418600546022504e-17,True,10.21720184469137,1.7352657746158685e-18,True,9.992908855153964,6.1128561141796395e-18,True,10.924873332565221,3.2318712657559977e-20,True
