Split,samples,benchmark_mean_raw_return,policy_mean_raw_return,policy_mean_excess_return,t_statistic,p_value,significant_outperformance
train,204,0.0044954498298466206,0.006876772735267878,0.0023813226725906134,0.9367927097821152,0.17498916909085013,False
validation,52,0.007810498587787151,0.009335816837847233,0.0015253183664754033,0.3416422751865635,0.36701193075692057,False
all,256,0.00516881886869669,0.008514201268553734,0.0033453821670264006,1.5210779948538224,0.06473963483056326,False
