Split,samples,benchmark_mean_raw_return,equal_weight_mean_raw_return,restricted_random_mean_raw_return,markowitz_mean_raw_return,policy_mean_raw_return,policy_mean_excess_return,policy_mean_excess_vs_equal_weight,policy_mean_excess_vs_restricted_random,policy_mean_excess_vs_markowitz,t_statistic,p_value,significant_outperformance,equal_weight_t_statistic,equal_weight_p_value,equal_weight_significant_outperformance,restricted_random_t_statistic,restricted_random_p_value,restricted_random_significant_outperformance,markowitz_t_statistic,markowitz_p_value,markowitz_significant_outperformance
train,708,0.0003728805168066174,0.000712235108949244,0.0006447521154768765,0.0011716627050191164,0.0007122366223484278,0.0003393561055418104,1.5153723247980668e-09,6.748449667698919e-05,-0.00045942611950265487,3.4702330112844053,0.0002757895457127499,True,0.021014020092081757,0.49162020041419946,False,1.033857533092664,0.15077813775286808,False,-2.2108148513804857,0.9863159892761688,False
validation,177,0.0024654215667396784,0.0019311702344566584,0.0020474703051149845,0.0002994106325786561,0.001932342885993421,-0.0005330786807462573,1.172561429988193e-06,-0.00011512755000658628,0.0016329322157606567,-2.767943461575897,0.9968775469935492,False,2.6805591595409948,0.004024177125403104,True,-0.8877441008980211,0.8120550080813544,False,5.876053664209778,1.0287064079900205e-08,True
all,885,0.0007913887384347618,0.0009560221224091947,0.0009252957534044981,0.0009972123662009835,0.0009562578634358943,0.00016486913955304772,2.3572458385747705e-07,3.09620873402741e-05,-4.095445244999255e-05,1.8748114988860827,0.03057409162791032,True,2.227922834294145,0.01306830013937325,True,0.5308519963278937,0.29782734112389764,False,-0.23076082268054923,0.591222993490284,False
