Split,samples,benchmark_mean_raw_return,equal_weight_mean_raw_return,restricted_random_mean_raw_return,policy_mean_raw_return,policy_mean_excess_return,policy_mean_excess_vs_equal_weight,policy_mean_excess_vs_restricted_random,t_statistic,p_value,significant_outperformance,equal_weight_t_statistic,equal_weight_p_value,equal_weight_significant_outperformance,restricted_random_t_statistic,restricted_random_p_value,restricted_random_significant_outperformance
train,1440,0.00047358142910525203,0.00041016581235453486,0.0003691407910082489,0.0004571207391563803,-1.6460691767861135e-05,4.695492486159007e-05,8.797993262608846e-05,-0.16915453719023227,0.567150568742578,False,0.5737078306599053,0.28312759009733457,False,0.9833518463961414,0.1627998012894526,False
validation,360,0.0007738580461591482,0.0009054248803295195,0.0009304877603426576,0.0010630968026816845,0.0002892388147301972,0.00015767200125588312,0.0001326090759701199,1.8313686508366844,0.033937040074244695,True,1.2688380421777716,0.10266044885018348,False,0.9377765460795412,0.17449485730063855,False
all,1800,0.0005336367175914347,0.0005092176143079996,0.00048141018487513065,0.0005783159285783768,4.467921098694205e-05,6.909834014044868e-05,9.690576129489475e-05,0.5316126908244704,0.2975299539264601,False,0.9867302789236896,0.16195378518467157,False,1.259409454533276,0.10402292436157312,False
