Split,samples,demo_mean_training_reward,policy_mean_excess_return,policy_mean_training_reward,demo_mean_raw_return,demo_mean_excess_return,demo_mean_excess_vs_equal_weight,demo_mean_excess_vs_restricted_random,policy_mean_raw_return,policy_mean_excess_vs_equal_weight,policy_mean_excess_vs_restricted_random,mean_abs_weight_error
train,1440.0,0.008047322742640972,-1.6460691767861135e-05,7.081026706146076e-05,0.008433633483946323,0.007960052229464054,0.008023466914892197,0.008064492605626583,0.0004571207391563803,4.6954923163866624e-05,8.797993359621614e-05,0.18822486698627472
validation,360.0,0.009230934083461761,0.0002892388147301972,0.00029582862043753266,0.009998203255236149,0.009224344976246357,0.009092778898775578,0.009067715145647526,0.0010630968026816845,0.00015767199511174113,0.00013260907144285738,0.18625183403491974
all,1800.0,0.00828404538333416,4.467921098694205e-05,0.00011581394937820733,0.008746547624468803,0.00821291096508503,0.008237329311668873,0.008265136741101742,0.0005783159285783768,6.909834337420762e-05,9.690575825516135e-05,0.18783025443553925
