Split,samples,benchmark_mean_raw_return,equal_weight_mean_raw_return,restricted_random_mean_raw_return,policy_mean_raw_return,policy_mean_excess_return,policy_mean_excess_vs_equal_weight,policy_mean_excess_vs_restricted_random,t_statistic,p_value,significant_outperformance,equal_weight_t_statistic,equal_weight_p_value,equal_weight_significant_outperformance,restricted_random_t_statistic,restricted_random_p_value,restricted_random_significant_outperformance
train,60,0.003029261017218232,0.0030070384964346886,0.0031672220211476088,0.09071110934019089,0.087681844830513,0.08770406643549601,0.08754388292630513,13.925274694208623,1.3232946075303482e-20,True,14.359067689417074,3.2495321288622154e-21,True,14.324999619561115,3.625268262480583e-21,True
validation,15,-0.0031859080772846937,-0.0008327086688950658,0.0009258230566047132,0.12370512634515762,0.12689103186130524,0.12453783353169759,0.1227793018023173,9.694780990949884,6.847470222077507e-08,True,10.01179933722702,4.6029599646704147e-08,True,9.980277732168023,4.786292936790699e-08,True
all,75,0.0017862272216007113,0.0022390889935195446,0.002718942239880562,0.09730991721153259,0.09552368521690369,0.09507081985473632,0.09459096670150757,16.124692704332116,3.164317808279923e-26,True,16.655067849921632,4.808078891352746e-27,True,16.661030042807845,4.708243954327996e-27,True
