Split,samples,benchmark_mean_raw_return,equal_weight_mean_raw_return,restricted_random_mean_raw_return,policy_mean_raw_return,policy_mean_excess_return,policy_mean_excess_vs_equal_weight,policy_mean_excess_vs_restricted_random,t_statistic,p_value,significant_outperformance,equal_weight_t_statistic,equal_weight_p_value,equal_weight_significant_outperformance,restricted_random_t_statistic,restricted_random_p_value,restricted_random_significant_outperformance
train,360,0.013024505227804184,0.012162961065769196,0.012244642712175846,0.02670859731733799,0.01368409302085638,0.01454563687245051,0.0144639543361134,9.095961111657886,3.268609292220774e-18,True,11.859674959836534,6.667053873181064e-28,True,11.728794582397832,2.0441452279648242e-27,True
validation,90,0.009761350229382515,0.013781613670289516,0.014767925255000591,0.028847586363554,0.019086234271526337,0.015065971348020766,0.014079659514957004,5.701857091754614,7.612011519818758e-08,True,6.764662068152398,6.807476711657739e-10,True,6.362852159673429,4.182891568461374e-09,True
all,450,0.01237187534570694,0.012486690655350685,0.01274929940700531,0.02713639661669731,0.014764521270990372,0.014649703105290731,0.01438709470960829,10.704877787066371,2.844702029342835e-24,True,13.608232558182232,7.439104045883254e-36,True,13.318387698877823,1.2172847529165864e-34,True
