Split,samples,benchmark_mean_raw_return,policy_mean_raw_return,policy_mean_excess_return,t_statistic,p_value,significant_outperformance
train,204,0.0032454472966492176,-0.0004515791079029441,-0.00369702628813684,-2.2860718427015247,0.9883588507451014,False
validation,52,0.0013659459073096514,0.004661897197365761,0.0032959510572254658,1.003997778963547,0.16005982540331726,False
all,256,0.0028636734932661057,0.003604102646932006,0.0007404291536659002,3.8500825657599074,7.46818659665462e-05,True
