Split,samples,benchmark_mean_raw_return,equal_weight_mean_raw_return,restricted_random_mean_raw_return,policy_mean_raw_return,policy_mean_excess_return,policy_mean_excess_vs_equal_weight,policy_mean_excess_vs_restricted_random,t_statistic,p_value,significant_outperformance,equal_weight_t_statistic,equal_weight_p_value,equal_weight_significant_outperformance,restricted_random_t_statistic,restricted_random_p_value,restricted_random_significant_outperformance
train,836,0.005521585699170828,0.004950107540935278,0.005147391930222511,0.010360611602663994,0.004839026369154453,0.005410504255568582,0.005213220082401659,6.296023653342741,2.465146096598428e-10,True,8.282912252061815,2.3787110778742863e-16,True,7.802190200247017,9.077590549754635e-15,True
validation,209,0.005447760224342346,0.007029411382973194,0.00723584508523345,0.009972574189305305,0.004524814430624247,0.0029431632831336207,0.0027367295831014094,3.10342919029712,0.001089420836880406,True,2.5387027674142884,0.005929007065126326,True,2.2941950385966927,0.011388801308461068,True
all,1045,0.005506820511072874,0.005365968681871891,0.0055650826543569565,0.010283004492521286,0.004776183981448412,0.00491703606108159,0.004717921982541609,7.021582437047652,1.9732477894284313e-12,True,8.592042736142565,1.53727937382173e-17,True,8.052125117827764,1.1023166526307972e-15,True
