Split,samples,demo_mean_training_reward,policy_mean_excess_return,policy_mean_training_reward,demo_mean_raw_return,demo_mean_excess_return,demo_mean_excess_vs_equal_weight,demo_mean_excess_vs_restricted_random,policy_mean_raw_return,policy_mean_excess_vs_equal_weight,policy_mean_excess_vs_restricted_random,mean_abs_weight_error
train,836.0,0.01938610151410103,0.004839026369154453,0.005637466441839933,0.02410924807190895,0.018587661907076836,0.019159138202667236,0.01896185427904129,0.010360611602663994,0.005410504061728716,0.005213220603764057,0.14527572691440582
validation,209.0,0.025553397834300995,0.004524814430624247,0.004237477667629719,0.03128849342465401,0.02584073692560196,0.024259082973003387,0.024052651599049568,0.009972574189305305,0.0029431632719933987,0.002736729569733143,0.15358352661132812
all,1045.0,0.02061956189572811,0.004776183981448412,0.00535746943205595,0.025545096024870872,0.02003827691078186,0.020179128274321556,0.019980013370513916,0.010283004492521286,0.004917036276310682,0.0047179218381643295,0.1469372808933258
