Split,samples,benchmark_mean_raw_return,equal_weight_mean_raw_return,restricted_random_mean_raw_return,policy_mean_raw_return,policy_mean_excess_return,policy_mean_excess_vs_equal_weight,policy_mean_excess_vs_restricted_random,t_statistic,p_value,significant_outperformance,equal_weight_t_statistic,equal_weight_p_value,equal_weight_significant_outperformance,restricted_random_t_statistic,restricted_random_p_value,restricted_random_significant_outperformance
train,668,0.005462522152811289,0.004893822595477104,0.005010571796447039,0.004037270322442055,-0.0014252515975385904,-0.0008565522953421769,-0.0009733016440968314,-0.930138562509232,0.8236820722517427,False,-0.6268895573895142,0.7345269298569865,False,-0.7102968026705394,0.7611158173855038,False
validation,168,0.005682959221303463,0.007243309635668993,0.007549504283815622,0.018009331077337265,0.012326370924711227,0.010766020842960902,0.010459825751327333,3.509673946973105,0.0002884016625431893,True,3.56127317431418,0.00024051132154932365,True,3.451106778309975,0.0003535656515753614,True
all,836,0.005506820045411587,0.005365968216210604,0.00552078802138567,0.006845053285360336,0.001338232308626175,0.0014790844118766236,0.0013242646267539577,0.9390782399027576,0.17398106749218678,False,1.17487589684577,0.12018964765003283,False,1.0492855509852328,0.14717515651283639,False
