Split,samples,benchmark_mean_raw_return,equal_weight_mean_raw_return,restricted_random_mean_raw_return,policy_mean_raw_return,policy_mean_excess_return,policy_mean_excess_vs_equal_weight,policy_mean_excess_vs_restricted_random,t_statistic,p_value,significant_outperformance,equal_weight_t_statistic,equal_weight_p_value,equal_weight_significant_outperformance,restricted_random_t_statistic,restricted_random_p_value,restricted_random_significant_outperformance
train,668,0.005462522152811289,0.004893822595477104,0.005128579679876566,0.004903972148895264,-0.0005585497710853815,1.0149564571723253e-05,-0.00022460716570208886,-2.6028036910155783,0.995274012244578,False,3.8125300185590474,7.514724405091329e-05,True,-1.333793229594452,0.9086365552958661,False
validation,168,0.005682959221303463,0.007243309635668993,0.006960972212255001,0.007260071579366922,0.001577111892402172,1.6761677605765207e-05,0.0002990993005888803,2.5761957439016014,0.005427484346579278,True,2.417799567668813,0.008345202972764323,True,0.8000885886269792,0.2123980644333022,False
all,836,0.005506820045411587,0.005365968216210604,0.005496811121702194,0.0053774467669427395,-0.00012937372957821935,1.1478314559425463e-05,-0.00011936471793069794,-0.6076284644616156,0.7282004355205967,False,4.5148293891110045,3.6236428735211217e-06,True,-0.7742215832861171,0.7804905388322352,False
