Split,samples,demo_mean_training_reward,policy_mean_excess_return,policy_mean_training_reward,demo_mean_raw_return,demo_mean_excess_return,demo_mean_excess_vs_equal_weight,demo_mean_excess_vs_restricted_random,policy_mean_raw_return,policy_mean_excess_vs_equal_weight,policy_mean_excess_vs_restricted_random,mean_abs_weight_error
train,668.0,0.017738942056894302,-0.0005585497710853815,0.00022510075359605253,0.022417813539505005,0.016955291852355003,0.0175239909440279,0.017289234325289726,0.004903972148895264,1.0149564332095906e-05,-0.00022460716718342155,0.13494333624839783
validation,168.0,0.02387210913002491,0.001577111892402172,0.001421700231730938,0.02971048094332218,0.024027520790696144,0.022467171773314476,0.022749509662389755,0.007260071579366922,1.6761678125476465e-05,0.0002990993089042604,0.13548310101032257
all,836.0,0.01897144503891468,-0.00012937372957821935,0.00046556571032851934,0.02388332411646843,0.018376505002379417,0.018517358228564262,0.018386514857411385,0.0053774467669427395,1.1478314263513312e-05,-0.00011936471855733544,0.13505181670188904
