Split,benchmark_component,equal_weight_component,restricted_random_component,raw_return_component,significance_component,significance_bonus,weight_error_penalty,composite_score
train,-1.6739089335145574,0.02029912217315735,-0.33685410464650106,4.545316402611797,-0.2067650729205562,3.333333333333333,8.09660017490387,-2.415179427867196
validation,4.692494844910987,0.03352332381651487,0.4485152110379834,6.206164911829243,8.512089430783998,6.666666666666666,8.128986060619354,18.430468328426038
all,-0.3880995361762241,0.02295661903693947,-0.17903857387640748,4.9127887333198945,5.020459186466142,3.333333333333333,8.103109002113342,4.619290759990335
