Split,samples,benchmark_mean_raw_return,policy_mean_raw_return,policy_mean_excess_return,t_statistic,p_value,significant_outperformance
train,204,0.0031942236237227917,0.0020006156992167234,-0.0011936081573367119,-0.537049823789445,0.7040893293160739,False
validation,52,0.0029680030420422554,-0.0026881361845880747,-0.005656138993799686,-0.664665926137576,0.7453707150030335,False
all,256,0.0031482726335525513,0.00469268998131156,0.0015444173477590084,5.143598950775604,2.688873608527603e-07,True
