Split,samples,benchmark_mean_raw_return,policy_mean_raw_return,policy_mean_excess_return,t_statistic,p_value,significant_outperformance
train,204,0.004890725947916508,0.0033706806134432554,-0.0015200452180579305,-0.5679157486319042,0.7146401116544432,False
validation,52,0.0047249142080545425,0.0027960503939539194,-0.0019288635812699795,-0.45262510324207544,0.6736308334404335,False
all,256,0.0048570455983281136,0.007821476086974144,0.0029644302558153868,4.169176845363521,2.0959355336384818e-05,True
