Split,samples,benchmark_mean_raw_return,equal_weight_mean_raw_return,restricted_random_mean_raw_return,markowitz_mean_raw_return,policy_mean_raw_return,policy_mean_excess_return,policy_mean_excess_vs_equal_weight,policy_mean_excess_vs_restricted_random,policy_mean_excess_vs_markowitz,t_statistic,p_value,significant_outperformance,equal_weight_t_statistic,equal_weight_p_value,equal_weight_significant_outperformance,restricted_random_t_statistic,restricted_random_p_value,restricted_random_significant_outperformance,markowitz_t_statistic,markowitz_p_value,markowitz_significant_outperformance
train,38,0.00823422521352768,0.006817711051553488,0.00645110011100769,0.006725229788571596,0.006922176107764244,-0.0013120487565174699,0.00010446498268528988,0.0004710758987225984,0.00019694629468415914,-0.6069515918193977,0.7262051166894916,False,2.2626367877387947,0.014809195548078991,True,0.28744354977184855,0.3876882691354334,False,0.052369951184020325,0.47925782326898403,False
validation,10,0.004241836257278919,0.007442772388458252,0.010324251838028431,0.005059957504272461,0.007481175474822521,0.0032393396832048893,3.840327262878418e-05,-0.00284307599067688,0.0024212181568145754,0.8282721706225418,0.2144665946617076,False,0.6190597739992466,0.27561152337457695,False,-0.7845052949530932,0.7735514881382017,False,0.37206835612754796,0.3592258022230524,False
all,48,0.007402477320283651,0.0069479322992265224,0.007258006837219,0.006378298159688711,0.007038634270429611,-0.00036384290433488786,9.070212642351787e-05,-0.00021937241156895956,0.0006603362659613291,-0.19188992366024102,0.5756724560540973,False,2.3440082008988203,0.01167839671281358,True,-0.1466933951247033,0.5579992711048349,False,0.20358240209156744,0.419779371619287,False
