Split,samples,benchmark_mean_raw_return,equal_weight_mean_raw_return,restricted_random_mean_raw_return,policy_mean_raw_return,policy_mean_excess_return,policy_mean_excess_vs_equal_weight,policy_mean_excess_vs_restricted_random,t_statistic,p_value,significant_outperformance,equal_weight_t_statistic,equal_weight_p_value,equal_weight_significant_outperformance,restricted_random_t_statistic,restricted_random_p_value,restricted_random_significant_outperformance
train,1440,0.0027093938551843166,0.0024270808789879084,0.002306615235283971,0.002546470146626234,-0.00016292411601170897,0.00011938901411162482,0.00023985451294316186,-1.3724910709456735,0.9149377538193912,False,4.230541774295825,1.2392782194965351e-05,True,2.672665028687626,0.0038050771689680353,True
validation,360,0.0024596410803496838,0.003182363463565707,0.0029067760333418846,0.0032122156117111444,0.0007525743567384779,2.985182735655043e-05,0.0003054392006662157,2.617479711727566,0.004616442433472468,True,4.897258862261994,7.361290593342147e-07,True,1.53366245034979,0.06299674095097459,False
all,1800,0.0026594435330480337,0.002578137209638953,0.0024266475811600685,0.0026796190068125725,2.0175575627945364e-05,0.00010148157676060995,0.00025297145048777263,0.18124734969311143,0.42809692370566904,False,4.485649717413966,3.864406067694536e-06,True,3.0819993524668323,0.0010436709818914033,True
