Split,samples,demo_mean_training_reward,policy_mean_excess_return,policy_mean_training_reward,demo_mean_raw_return,demo_mean_excess_return,demo_mean_excess_vs_equal_weight,demo_mean_excess_vs_restricted_random,policy_mean_raw_return,policy_mean_excess_vs_equal_weight,policy_mean_excess_vs_restricted_random,mean_abs_weight_error
train,1440.0,0.013332372531294823,-0.00016292411601170897,0.00027326494455337524,0.015605577267706394,0.01289618294686079,0.01317849662154913,0.013298962265253067,0.002546470146626234,0.0001193890129798092,0.00023985451844055206,0.13721917569637299
validation,360.0,0.015686005353927612,0.0007525743567384779,0.0006922946777194738,0.018205923959612846,0.015746284276247025,0.01502356119453907,0.015299147926270962,0.0032122156117111444,2.9851828003302217e-05,0.0003054392000194639,0.13804244995117188
all,1800.0,0.013803099282085896,2.0175575627945364e-05,0.00035707090864889324,0.016125647351145744,0.013466203585267067,0.013547509908676147,0.013698999769985676,0.0026796190068125725,0.00010148157889489084,0.0002529714547563344,0.137383833527565
