Split,benchmark_component,equal_weight_component,restricted_random_component,raw_return_component,significance_component,significance_bonus,weight_error_penalty,composite_score
train,-0.48872910561317123,0.23876668393957035,0.359712790912717,2.492819277718423,8.209556944292736,6.666666666666666,8.23315054178238,9.245642716134562
validation,2.253470362792907,0.05970347736768919,0.4580163772901298,3.1061104550195866,11.457652469440232,6.666666666666666,8.282546997070312,15.719072811506898
all,0.06052664475851206,0.2029561864143838,0.3793762524694812,2.6172736321729886,10.451499267013299,6.666666666666666,8.2430300116539,12.135268637841428
