Split,samples,benchmark_mean_raw_return,policy_mean_raw_return,policy_mean_excess_return,t_statistic,p_value,significant_outperformance
train,204,0.0028800435829907656,0.005993987899273634,0.0031139447819441557,1.121711777901644,0.13165504518463095,False
validation,52,-0.002368713729083538,0.004334034863859415,0.006702748592942953,1.3436983998071785,0.09249697305938978,False
all,256,0.0018138897139579058,0.006529159843921661,0.004715270362794399,2.000333809496807,0.02326228823845402,True
