Split,samples,benchmark_mean_raw_return,equal_weight_mean_raw_return,restricted_random_mean_raw_return,policy_mean_raw_return,policy_mean_excess_return,policy_mean_excess_vs_equal_weight,policy_mean_excess_vs_restricted_random,t_statistic,p_value,significant_outperformance,equal_weight_t_statistic,equal_weight_p_value,equal_weight_significant_outperformance,restricted_random_t_statistic,restricted_random_p_value,restricted_random_significant_outperformance
train,167,0.005462522152811289,0.004893822595477104,0.004530501086264849,0.029743846505880356,0.024281324818730354,0.024850020865480344,0.025213342583821918,13.624198185671931,3.729368158327511e-29,True,16.230230328879372,2.159811491609248e-36,True,15.986889436296206,1.0025179710331288e-35,True
validation,42,0.005682959221303463,0.007243309635668993,0.007483248133212328,0.037830524146556854,0.032147567719221115,0.03058721621831258,0.030347277720769245,7.690553232979933,8.885429828482026e-10,True,8.889877756775626,2.0613660037430243e-11,True,9.442614225732058,3.842081265477218e-12,True
all,209,0.005506820045411587,0.005365968216210604,0.0051238760352134705,0.0313689187169075,0.02586209774017334,0.02600295007514041,0.026245042467801766,15.551803623149556,5.407956169103518e-37,True,18.436392268218494,6.271627118030264e-46,True,18.485831426001255,4.433202669408627e-46,True
