Split,samples,demo_mean_training_reward,policy_mean_excess_return,policy_mean_training_reward,demo_mean_raw_return,demo_mean_excess_return,demo_mean_excess_vs_equal_weight,demo_mean_excess_vs_restricted_random,policy_mean_raw_return,policy_mean_excess_vs_equal_weight,policy_mean_excess_vs_restricted_random,mean_abs_weight_error
train,668.0,0.01796882040798664,-0.001097337226383388,-0.00029008497949689627,0.022624090313911438,0.017161568626761436,0.017730267718434334,0.017613517120480537,0.004365184810012579,-0.000528637901879847,-0.0006453873356804252,0.15426866710186005
validation,168.0,0.023957690224051476,0.01181999035179615,0.01154687162488699,0.02991376630961895,0.024230806156992912,0.022670459002256393,0.022364262491464615,0.01750294864177704,0.010259639471769333,0.009953444823622704,0.12030443549156189
all,836.0,0.01917232573032379,0.001498489291407168,0.002088633133098483,0.02408900111913681,0.01858218014240265,0.018723033368587494,0.018568214029073715,0.007005309220403433,0.0016393413534387946,0.001484521315433085,0.14744332432746887
