Split,benchmark_component,equal_weight_component,restricted_random_component,raw_return_component,significance_component,significance_bonus,weight_error_penalty,composite_score
train,-3.278861439798941,-1.056291974070824,-0.9667389764728476,4.107544668843915,-2.7425863846416316,0.0,9.256120026111603,-13.193054132251932
validation,24.842427380129266,15.445691215916357,11.394480058893755,9.414090882935902,11.884801250885573,10.0,7.218266129493713,75.76322465926714
all,4.462119245788475,3.249624132415768,2.2105672796325186,6.047046662253694,5.771138325673294,0.0,8.846599459648132,12.893896186115619
