Split,samples,benchmark_mean_raw_return,policy_mean_raw_return,policy_mean_excess_return,t_statistic,p_value,significant_outperformance
train,204,0.0044954498298466206,0.008771714754402637,0.004276265390217304,1.535671367532671,0.0630880577096983,False
validation,52,0.007810498587787151,0.0012009602505713701,-0.006609538570046425,-1.3302618438781397,0.9053248925505892,False
all,256,0.00516881886869669,0.010139898397028446,0.004971079528331757,2.1462441091782956,0.016398700946773804,True
