Split,samples,benchmark_mean_raw_return,equal_weight_mean_raw_return,restricted_random_mean_raw_return,policy_mean_raw_return,policy_mean_excess_return,policy_mean_excess_vs_equal_weight,policy_mean_excess_vs_restricted_random,t_statistic,p_value,significant_outperformance,equal_weight_t_statistic,equal_weight_p_value,equal_weight_significant_outperformance,restricted_random_t_statistic,restricted_random_p_value,restricted_random_significant_outperformance
train,549,0.0015581590123474598,0.0014043711125850677,0.001215343945659697,0.015074186027050018,0.013516026549041271,0.013669814894108174,0.013858842068031186,24.133486776933697,1.6300309284434386e-88,True,28.18720311045525,5.253038703509629e-109,True,27.594550136541745,4.910786382985829e-106,True
validation,138,0.001729472423903644,0.0022165740374475718,0.002202598610892892,0.01843675971031189,0.016707289963960648,0.01622018649958182,0.016234162061110786,12.576425745584004,6.7660304575154e-25,True,14.890125542188756,9.983210514741066e-31,True,14.98667636156244,5.7537924567383e-31,True
all,687,0.00159257126506418,0.0015675208996981382,0.001413657097145915,0.01574963703751564,0.014157066121697426,0.014182116613984976,0.014335980581924906,27.074815768374023,1.1216353475861685e-110,True,31.770696614390598,3.277849940437133e-137,True,31.32751638463759,9.898739063672165e-135,True
