Split,samples,benchmark_mean_raw_return,equal_weight_mean_raw_return,restricted_random_mean_raw_return,policy_mean_raw_return,policy_mean_excess_return,policy_mean_excess_vs_equal_weight,policy_mean_excess_vs_restricted_random,t_statistic,p_value,significant_outperformance,equal_weight_t_statistic,equal_weight_p_value,equal_weight_significant_outperformance,restricted_random_t_statistic,restricted_random_p_value,restricted_random_significant_outperformance
train,268,0.013365117833018303,0.012232747860252857,0.012272380292415619,0.012043671682476997,-0.0013214456848800182,-0.000189075719064741,-0.00022870858213794765,-0.3944020831715966,0.6532004775887021,False,-0.0641891723066728,0.5255661853393805,False,-0.07815040141101008,0.5311165250619072,False
validation,68,0.006827694363892078,0.01227791141718626,0.013233079575002193,0.02750946767628193,0.020681774243712425,0.015231556752148797,0.014276388813467586,4.08268124674973,6.0513902392877166e-05,True,3.7138965009021625,0.00020894207456685821,True,3.401997577273067,0.0005661526773232401,True
all,336,0.01204206794500351,0.012241888791322708,0.01246680784970522,0.015173654071986675,0.0031315868254750967,0.002931766566776094,0.0027068468431631723,1.0799587769164012,0.1404687166953912,False,1.1670053459441496,0.12201911530079407,False,1.081980374719465,0.1400197329541017,False
