Split,benchmark_component,equal_weight_component,restricted_random_component,raw_return_component,significance_component,significance_bonus,weight_error_penalty,composite_score
train,-3.9414217700997227,-0.3781063819955417,-0.34300306971667227,8.349818401459343,-0.893510367153947,0.0,8.945687413215637,-6.151910600722178
validation,29.056222588323752,18.184920382992033,13.367725701780042,9.918750613233186,12.700104066362577,10.0,8.294323682785034,84.93339966990655
all,9.099238060213414,5.701119588010935,3.963927307287248,9.082374309808602,5.3083368944926,0.0,8.813863098621368,24.341133061191428
