Split,samples,benchmark_mean_raw_return,equal_weight_mean_raw_return,restricted_random_mean_raw_return,policy_mean_raw_return,policy_mean_excess_return,policy_mean_excess_vs_equal_weight,policy_mean_excess_vs_restricted_random,t_statistic,p_value,significant_outperformance,equal_weight_t_statistic,equal_weight_p_value,equal_weight_significant_outperformance,restricted_random_t_statistic,restricted_random_p_value,restricted_random_significant_outperformance
train,201,0.013365117833018303,0.012232746928930283,0.012314815074205399,0.03201082721352577,0.01864570751786232,0.019778078171744276,0.019696009396320553,11.03651571185179,1.0025789323103482e-22,True,14.917051372920241,1.2753081304898972e-34,True,14.574286385257784,1.4522027170026014e-33,True
validation,51,0.006827694363892078,0.01227791141718626,0.01318887434899807,0.020667748525738716,0.013840055093169212,0.008389837601605584,0.007478875272414263,3.349098991577943,0.0007739622520960926,True,2.826842389563106,0.0033710341036880627,True,2.5862747784472337,0.006330418400422902,True
all,252,0.01204206608235836,0.012241887860000134,0.012491708621382713,0.029715200886130333,0.017673136666417122,0.017473315908795313,0.01722349486653767,11.138870347429053,5.556004008569975e-24,True,14.008799270261587,1.2381107469552345e-33,True,13.642608630798584,2.2249985956308448e-32,True
