Split,samples,demo_mean_training_reward,policy_mean_excess_return,policy_mean_training_reward,demo_mean_raw_return,demo_mean_excess_return,demo_mean_excess_vs_equal_weight,demo_mean_excess_vs_restricted_random,policy_mean_raw_return,policy_mean_excess_vs_equal_weight,policy_mean_excess_vs_restricted_random,mean_abs_weight_error
train,201.0,0.03731006011366844,0.01864570751786232,0.020531991496682167,0.048788897693157196,0.03542378172278404,0.036556147038936615,0.0364740826189518,0.03201082721352577,0.01977807842195034,0.019696010276675224,0.1138429194688797
validation,51.0,0.045190002769231796,0.013840055093169212,0.011615523137152195,0.054242223501205444,0.04741453006863594,0.04196431487798691,0.041053351014852524,0.020667748525738716,0.00838983803987503,0.007478875108063221,0.1715947538614273
all,252.0,0.038904812186956406,0.017673136666417122,0.018727468326687813,0.049892548471689224,0.037850476801395416,0.037650659680366516,0.03740083426237106,0.029715200886130333,0.017473315820097923,0.01722349412739277,0.12553079426288605
