Split,benchmark_component,equal_weight_component,restricted_random_component,raw_return_component,significance_component,significance_bonus,weight_error_penalty,composite_score
train,28.59298082724474,19.248513521698364,14.427235845343962,9.966895622659505,14.99632100226723,10.0,6.830575168132782,90.401371651081
validation,26.45535127705009,13.70540838778912,9.508304846656529,9.684537752442905,11.254096353953546,10.0,10.295685231685638,70.31201338620656
all,28.29942753130888,18.82142154373984,14.072179765887128,9.947656551987652,14.994587503780627,10.0,7.531847655773163,88.60342524093096
