Split,samples,benchmark_mean_raw_return,equal_weight_mean_raw_return,restricted_random_mean_raw_return,policy_mean_raw_return,policy_mean_excess_return,policy_mean_excess_vs_equal_weight,policy_mean_excess_vs_restricted_random,t_statistic,p_value,significant_outperformance,equal_weight_t_statistic,equal_weight_p_value,equal_weight_significant_outperformance,restricted_random_t_statistic,restricted_random_p_value,restricted_random_significant_outperformance
train,836,0.005521585699170828,0.004950107540935278,0.005147391930222511,0.009748602285981178,0.004227017983794212,0.004798495527089498,0.004601211353922574,6.496536141114399,7.05477359691615e-11,True,8.623556214615885,1.6170494027611733e-17,True,8.036194789862213,1.5770403612219698e-15,True
validation,209,0.005447760224342346,0.007029411382973194,0.00723584508523345,0.010087869130074978,0.004640109371393919,0.0030584580590280047,0.0028520243589957935,3.678654059068713,0.00014929816381021788,True,3.020516793253629,0.0014198282818241033,True,2.668618666188944,0.004108496985079493,True
all,1045,0.005506820511072874,0.005365968681871891,0.0055650826543569565,0.009816456586122513,0.004309636075049639,0.004450488033477199,0.004251373954937219,7.4536451334060425,9.511474687774298e-14,True,9.095303686221328,2.3240632026116214e-19,True,8.406795973425105,6.83747077134273e-17,True
