Portfolio,annualized_return,annualized_volatility,sharpe_ratio,sortino_ratio,max_drawdown,calmar_ratio
portfolio,0.13336080700190767,0.1620556801718114,0.8229320123831424,1.0143155444881329,-0.2720296170615847,0.4902437037644918
equal_weight,0.12953085540273257,0.1615134735045384,0.8019817331158621,0.9799130303099038,-0.3060558475206302,0.42322620675954026
benchmark,0.13272572302539265,0.17935576566264042,0.7400136958799717,0.8986479847536099,-0.3371725334437188,0.39364334238556054
