Split,samples,benchmark_mean_raw_return,equal_weight_mean_raw_return,restricted_random_mean_raw_return,policy_mean_raw_return,policy_mean_excess_return,policy_mean_excess_vs_equal_weight,policy_mean_excess_vs_restricted_random,t_statistic,p_value,significant_outperformance,equal_weight_t_statistic,equal_weight_p_value,equal_weight_significant_outperformance,restricted_random_t_statistic,restricted_random_p_value,restricted_random_significant_outperformance
train,1440,0.0006154620787128806,0.000544655486010015,0.0005394042236730456,0.0005461312248371542,-6.933088297955692e-05,1.4757116635640462e-06,6.726963652504815e-06,-1.227620567873586,0.8901048930573173,False,0.9292097834087717,0.17646810986605008,False,0.1648626041155786,0.43453764115032517,False
validation,360,0.0007207415183074772,0.0009146708762273192,0.0009132194682024419,0.0009173235739581287,0.0001965820847544819,2.6527378294203015e-06,4.104110929701063e-06,1.253831126867576,0.10535962301415563,False,1.2442208876704666,0.10711500285084706,False,0.05132642379965413,0.4795469793472955,False
all,1800,0.0006365180015563965,0.0006186586106196046,0.0006141673075035214,0.000620369624812156,-1.6148289432749152e-05,1.7111168967352973e-06,6.202393107944065e-06,-0.2934416606284946,0.6153907839454131,False,1.2769839868086472,0.10088634713388095,False,0.17067748885237996,0.4322482786066794,False
