Split,samples,demo_mean_training_reward,policy_mean_excess_return,policy_mean_training_reward,demo_mean_raw_return,demo_mean_excess_return,demo_mean_excess_vs_equal_weight,demo_mean_excess_vs_restricted_random,policy_mean_raw_return,policy_mean_excess_vs_equal_weight,policy_mean_excess_vs_restricted_random,mean_abs_weight_error
train,1440.0,0.005582332611083984,-6.933088297955692e-05,2.866887371055782e-05,0.006099794991314411,0.005484332796186209,0.005555139388889074,0.005560390651226044,0.0005461312248371542,1.4757116559849237e-06,6.726963874825742e-06,0.12436221539974213
validation,360.0,0.00693949731066823,0.0001965820847544819,0.0001719818392302841,0.007684838958084583,0.006964097265154123,0.0067701684311032295,0.0067716194316744804,0.0009173235739581287,2.652737748576328e-06,4.10411075790762e-06,0.12919026613235474
all,1800.0,0.005853765178471804,-1.6148289432749152e-05,5.7331468269694597e-05,0.006416804157197475,0.005780285689979792,0.005798144731670618,0.0058026365004479885,0.000620369624812156,1.711116851765837e-06,6.202393251442118e-06,0.12532782554626465
