Split,benchmark_component,equal_weight_component,restricted_random_component,raw_return_component,significance_component,significance_bonus,weight_error_penalty,composite_score
train,-0.2079893164257361,0.002951423305703465,0.010090443956713357,0.5455889094142078,-0.2225639656191665,0.0,7.461732923984528,-7.333655429352806
validation,0.5896702978093384,0.005305475534391513,0.006156166048909008,0.9147591659957798,4.13885307171564,0.0,7.751415967941284,-2.0966717908372257
all,-0.04844482618884084,0.0034222337600704937,0.009303588468895882,0.6195749997108762,1.9132221243678291,0.0,7.519669532775879,-5.022591412657048
