Split,samples,benchmark_mean_raw_return,equal_weight_mean_raw_return,restricted_random_mean_raw_return,policy_mean_raw_return,policy_mean_excess_return,policy_mean_excess_vs_equal_weight,policy_mean_excess_vs_restricted_random,t_statistic,p_value,significant_outperformance,equal_weight_t_statistic,equal_weight_p_value,equal_weight_significant_outperformance,restricted_random_t_statistic,restricted_random_p_value,restricted_random_significant_outperformance
train,336,0.013253734447062016,0.0121260741725564,0.012143311090767384,0.021862154826521873,0.008608421310782433,0.009736081141801108,0.009718843868800573,5.51090169496906,3.5664446253582266e-08,True,7.730180729746162,6.325395690850035e-14,True,7.400859968116013,5.504523879229562e-13,True
validation,84,0.007195405196398497,0.012705144472420216,0.013650587759912014,0.023901382461190224,0.01670597679913044,0.011196237944421313,0.010250794036047799,5.734623179279625,7.690780670916907e-08,True,5.55145395828217,1.6588850770047321e-07,True,4.6766552919542965,5.589198147988137e-06,True
all,420,0.01204206794500351,0.012241887860000134,0.012444766238331795,0.022270001471042633,0.010227932594716549,0.010028112502325149,0.009825233902250017,7.377584298665538,4.3615554690573683e-13,True,9.244965731869732,6.026712324127602e-19,True,8.639000261519325,6.024994285436114e-17,True
