Split,samples,demo_mean_training_reward,policy_mean_excess_return,policy_mean_training_reward,demo_mean_raw_return,demo_mean_excess_return,demo_mean_excess_vs_equal_weight,demo_mean_excess_vs_restricted_random,policy_mean_raw_return,policy_mean_excess_vs_equal_weight,policy_mean_excess_vs_restricted_random,mean_abs_weight_error
train,336.0,0.028579674661159515,0.008608421310782433,0.010494177229702473,0.03994765132665634,0.0266939178109169,0.027821574360132217,0.027804341167211533,0.021862154826521873,0.009736080653965473,0.00971884373575449,0.12315285205841064
validation,84.0,0.03649367392063141,0.01670597679913044,0.014481560327112675,0.04591349884867668,0.0387180931866169,0.03320835158228874,0.032262906432151794,0.023901382461190224,0.011196237988770008,0.010250793769955635,0.1284857839345932
all,420.0,0.030162470415234566,0.010227932594716549,0.011291653849184513,0.04114082083106041,0.02909875102341175,0.02889893390238285,0.028696052730083466,0.022270001471042633,0.010028112679719925,0.009825234301388264,0.12421943247318268
