Split,benchmark_component,equal_weight_component,restricted_random_component,raw_return_component,significance_component,significance_bonus,weight_error_penalty,composite_score
train,20.90073916577499,15.00571129886862,11.242967968167521,9.750735385988424,14.697608214216515,10.0,7.389171123504639,74.20859090951143
validation,27.948919823025793,16.14876040635878,11.578909929647402,9.833523790477157,14.160100077463058,10.0,7.709147036075592,81.9610669908966
all,23.13005404895511,15.255445668187344,11.312342782656701,9.770036075478801,14.890968827761755,10.0,7.453165948390961,76.90568145464874
