Split,samples,benchmark_mean_raw_return,equal_weight_mean_raw_return,restricted_random_mean_raw_return,policy_mean_raw_return,policy_mean_excess_return,policy_mean_excess_vs_equal_weight,policy_mean_excess_vs_restricted_random,t_statistic,p_value,significant_outperformance,equal_weight_t_statistic,equal_weight_p_value,equal_weight_significant_outperformance,restricted_random_t_statistic,restricted_random_p_value,restricted_random_significant_outperformance
train,35,0.004415331408381462,0.0027136001735925674,0.0022215587086975574,0.10825276374816895,0.10383743792772293,0.10553916352135795,0.10603120497294835,9.993162768493862,5.935826016570291e-12,True,10.458816797203378,1.826233789621446e-12,True,10.142636490419953,4.053371366251988e-12,True
validation,9,-0.004703064914792776,-0.004768848419189453,-0.00779434060677886,0.12362880259752274,0.12833185493946075,0.1283976501888699,0.13142314222123888,5.009477708568786,0.0005202203951195934,True,5.552773307460897,0.00026960858585870856,True,5.733671912152398,0.00021855506459008534,True
all,44,0.0025502049829810858,0.0011830993462353945,0.00017285211652051657,0.11139785498380661,0.10884764790534973,0.1102147630669854,0.11122501031918959,11.15850902018136,1.3975277738104696e-14,True,11.859295475889954,1.9089872880797536e-15,True,11.648652711538451,3.4496616533795837e-15,True
