Split,samples,benchmark_mean_raw_return,equal_weight_mean_raw_return,restricted_random_mean_raw_return,markowitz_mean_raw_return,policy_mean_raw_return,policy_mean_excess_return,policy_mean_excess_vs_equal_weight,policy_mean_excess_vs_restricted_random,policy_mean_excess_vs_markowitz,t_statistic,p_value,significant_outperformance,equal_weight_t_statistic,equal_weight_p_value,equal_weight_significant_outperformance,restricted_random_t_statistic,restricted_random_p_value,restricted_random_significant_outperformance,markowitz_t_statistic,markowitz_p_value,markowitz_significant_outperformance
train,849,0.0007072672597132623,0.0011260145111009479,0.0011453500483185053,0.0017471848987042904,0.0012130984105169773,0.000505831150803715,8.708386033668113e-05,6.774836631208764e-05,-0.0005340864717328506,5.722910625861685,7.261146774575251e-09,True,7.4503303410519015,1.1473110890898598e-13,True,1.1408753678960295,0.1271219403904524,False,-3.0592727578805365,0.9988557294520265,False
validation,213,0.0009840114507824183,0.00048624546616338193,0.0003467252536211163,-0.0018324028933420777,0.0004932032315991819,-0.0004908081609755754,6.957792899977993e-06,0.00014647799478450293,0.0023256061782299634,-2.4270181387668077,0.9919705523248799,False,0.8068154696321718,0.21033850361538564,False,1.2037397710753424,0.11501626581360501,False,6.958305175502512,2.1113487680302877e-11,True
all,1062,0.0007627723971381783,0.0009976992150768638,0.0009851738577708602,0.0010292449733242393,0.0010687126778066158,0.0003059401933569461,7.101337788468701e-05,8.353877202265681e-05,3.946770382466289e-05,3.715367924847364,0.00010674426272130576,True,7.43421159437097,1.0814822262415472e-13,True,1.565519601465393,0.058879656018811385,False,0.24869152050350132,0.40182376858887814,False
