Split,samples,benchmark_mean_raw_return,equal_weight_mean_raw_return,restricted_random_mean_raw_return,policy_mean_raw_return,policy_mean_excess_return,policy_mean_excess_vs_equal_weight,policy_mean_excess_vs_restricted_random,t_statistic,p_value,significant_outperformance,equal_weight_t_statistic,equal_weight_p_value,equal_weight_significant_outperformance,restricted_random_t_statistic,restricted_random_p_value,restricted_random_significant_outperformance
train,268,0.013365117833018303,0.012232747860252857,0.012272380292415619,0.012403866276144981,-0.0009612503345124424,0.00017111959742076362,0.00013148673434755696,-0.2838677869804217,0.6116341470233564,False,0.057194943715717594,0.4772163424043057,False,0.044261937919992535,0.4823643475778337,False
validation,68,0.006827694363892078,0.01227791141718626,0.013233079575002193,0.03389453887939453,0.02706683799624443,0.021616620175978717,0.02066145223729751,5.293677302268524,7.139932290034255e-07,True,5.293370398161923,7.14838328827285e-07,True,5.072822996749921,1.6618372725601232e-06,True
all,336,0.01204206794500351,0.012241888791322708,0.01246680784970522,0.016753168776631355,0.004711101297289133,0.004511281138374692,0.004286361414761771,1.5948042007322631,0.05584949208045309,False,1.7577368298223053,0.039852792539483,True,1.6832464962588476,0.046629499047325426,True
