Split,samples,demo_mean_training_reward,policy_mean_excess_return,policy_mean_training_reward,demo_mean_raw_return,demo_mean_excess_return,demo_mean_excess_vs_equal_weight,demo_mean_excess_vs_restricted_random,policy_mean_raw_return,policy_mean_excess_vs_equal_weight,policy_mean_excess_vs_restricted_random,mean_abs_weight_error
train,268.0,0.026398463174700737,-0.0009612503345124424,0.0009335199138149619,0.03786880895495415,0.024503692984580994,0.025636062026023865,0.025596430525183678,0.012403866276144981,0.00017111959459725767,0.00013148674042895436,0.14920327067375183
validation,68.0,0.03416552394628525,0.02706683799624443,0.02483346313238144,0.04322659596800804,0.03639889508485794,0.030948681756854057,0.029993517324328423,0.03389453887939453,0.02161662094295025,0.020661452785134315,0.13332118093967438
all,336.0,0.027970368042588234,0.004711101297289133,0.005770414136350155,0.03895312175154686,0.02691105380654335,0.02671123668551445,0.026486316695809364,0.016753168776631355,0.004511280916631222,0.004286361392587423,0.14598903059959412
