Split,benchmark_component,equal_weight_component,restricted_random_component,raw_return_component,significance_component,significance_bonus,weight_error_penalty,composite_score
train,-2.8749017347819636,0.3422057940217887,0.19721873609348406,8.45565827754183,-0.30397655351963415,0.0,8.95219624042511,-3.1359917210696056
validation,29.733789982595408,19.47670673717419,14.526219797283131,9.977275516614451,14.103374612640453,10.0,7.999270856380463,89.81809578992717
all,13.172875274101067,8.45651749348969,6.062713236556624,9.322511656843485,7.614451118215443,6.666666666666666,8.759341835975647,42.536393609897324
