Split,samples,benchmark_mean_raw_return,equal_weight_mean_raw_return,restricted_random_mean_raw_return,policy_mean_raw_return,policy_mean_excess_return,policy_mean_excess_vs_equal_weight,policy_mean_excess_vs_restricted_random,t_statistic,p_value,significant_outperformance,equal_weight_t_statistic,equal_weight_p_value,equal_weight_significant_outperformance,restricted_random_t_statistic,restricted_random_p_value,restricted_random_significant_outperformance
train,1440,0.00047358142910525203,0.00041016581235453486,0.0003691407910082489,0.0004864112415816635,1.282981702388497e-05,7.624543375439114e-05,0.00011727044151888953,0.22351963006264872,0.4115814166641088,False,1.8678297257329943,0.030994467369971586,True,2.0862242206321984,0.018567021893860582,True
validation,360,0.0007738580461591482,0.0009054248803295195,0.0009304877603426576,0.0009879207937046885,0.00021406279120128602,8.24959741698371e-05,5.7433048884073896e-05,1.4859294255574114,0.06908770634214809,False,0.9231345811171734,0.17827854328186662,False,0.47051281798532685,0.31913720348058006,False
all,1800,0.0005336367175914347,0.0005092176143079996,0.00048141018487513065,0.0005867131403647363,5.307641185936518e-05,7.749554183748034e-05,0.00010530296299192641,0.9788481888413421,0.16389330302261848,False,2.082324871929166,0.018726902671955373,True,2.058459714740081,0.019844875529261993,True
