Split,samples,benchmark_mean_raw_return,equal_weight_mean_raw_return,restricted_random_mean_raw_return,policy_mean_raw_return,policy_mean_excess_return,policy_mean_excess_vs_equal_weight,policy_mean_excess_vs_restricted_random,t_statistic,p_value,significant_outperformance,equal_weight_t_statistic,equal_weight_p_value,equal_weight_significant_outperformance,restricted_random_t_statistic,restricted_random_p_value,restricted_random_significant_outperformance
train,1440,0.0027093938551843166,0.0024270808789879084,0.002306615235283971,0.0024628194514662027,-0.00024657463654875755,3.573848969406552e-05,0.00015620398852560254,-2.1837402781461184,0.9854288193390327,False,5.083626647390465,2.0947029840876172e-07,True,1.8413874981795946,0.032885253631341024,True
validation,360,0.0024596410803496838,0.003182363463565707,0.0029067760333418846,0.0031903551425784826,0.0007307143532671034,7.991823885175916e-06,0.0002835791971948412,2.453703959300183,0.007306914438820656,True,0.3785746911157488,0.3526137474624083,False,1.4304228108018686,0.07673274262377419,False
all,1800,0.0026594435330480337,0.002578137209638953,0.0024266475811600685,0.002608326729387045,-5.1116843678755686e-05,3.0189156532287598e-05,0.00018167903025945027,-0.4709071928374161,0.6811179481525974,False,4.291738633315653,9.335450371508033e-06,True,2.312015361065467,0.010444638172988737,True
