Split,samples,demo_mean_training_reward,policy_mean_excess_return,policy_mean_training_reward,demo_mean_raw_return,demo_mean_excess_return,demo_mean_excess_vs_equal_weight,demo_mean_excess_vs_restricted_random,policy_mean_raw_return,policy_mean_excess_vs_equal_weight,policy_mean_excess_vs_restricted_random,mean_abs_weight_error
train,1440.0,0.013332372531294823,-0.00024657463654875755,0.00018961442401632667,0.015605577267706394,0.01289618294686079,0.01317849662154913,0.013298962265253067,0.0024628194514662027,3.573848880478181e-05,0.00015620398335158825,0.13735416531562805
validation,360.0,0.015686005353927612,0.0007307143532671034,0.0006704346742480993,0.018205923959612846,0.015746284276247025,0.01502356119453907,0.015299147926270962,0.0031903551425784826,7.991823622433003e-06,0.0002835791965480894,0.13804982602596283
all,1800.0,0.013803099282085896,-5.1116843678755686e-05,0.0002857784857042134,0.016125647351145744,0.013466203585267067,0.013547509908676147,0.013698999769985676,0.002608326729387045,3.018915595021099e-05,0.00018167903181165457,0.137493297457695
