Split,benchmark_component,equal_weight_component,restricted_random_component,raw_return_component,significance_component,significance_bonus,weight_error_penalty,composite_score
train,-0.7395740310560837,0.07147667507891299,0.2342869280067401,2.4142046622146864,7.244062356148442,6.666666666666666,8.241249918937683,7.649873338121681
validation,2.1882497732247463,0.0159836443674741,0.4252548092881045,3.0863456779287954,6.616956477217259,3.333333333333333,8.28298956155777,7.38313415380194
all,-0.1533491954020103,0.060378129638913064,0.2724885657033012,2.550741946976234,8.886698791307651,6.666666666666666,8.2495978474617,10.034027057429057
