Split,samples,benchmark_mean_raw_return,equal_weight_mean_raw_return,restricted_random_mean_raw_return,markowitz_mean_raw_return,policy_mean_raw_return,policy_mean_excess_return,policy_mean_excess_vs_equal_weight,policy_mean_excess_vs_restricted_random,policy_mean_excess_vs_markowitz,t_statistic,p_value,significant_outperformance,equal_weight_t_statistic,equal_weight_p_value,equal_weight_significant_outperformance,restricted_random_t_statistic,restricted_random_p_value,restricted_random_significant_outperformance,markowitz_t_statistic,markowitz_p_value,markowitz_significant_outperformance
train,38,0.00823422521352768,0.006817711051553488,0.00645110011100769,0.006725229788571596,0.0077118463814258575,-0.0005223782500252128,0.000894135550448769,0.0012607464664860775,0.0009866168624476383,-0.2312221623921713,0.5907919335489078,False,1.907291428423103,0.03213439539042634,True,0.7372827393544564,0.23280022801019218,False,0.278939070678439,0.3909223923104017,False
validation,10,0.004241836257278919,0.007442772388458252,0.010324251838028431,0.005059957504272461,0.007427298929542303,0.0031854629050940275,-1.5473365783691408e-05,-0.0028969526290893556,0.0023673415184020997,0.798454706397531,0.2225820854132115,False,-0.04840327736073442,0.51877401619231,False,-0.80544806521877,0.7793395887937135,False,0.36863327874301405,0.36046164605383846,False
all,48,0.007402477320283651,0.0069479322992265224,0.007258006837219,0.006378298159688711,0.007652565836906433,0.00025008866214193404,0.0007046336929003397,0.00039455915490786236,0.0012742678324381511,0.12722322601105215,0.44965324115330013,False,1.8572069596957115,0.03477704194569089,True,0.25473505332143803,0.4000195337916923,False,0.41454341347975626,0.340181102333727,False
