Split,samples,benchmark_mean_raw_return,equal_weight_mean_raw_return,restricted_random_mean_raw_return,policy_mean_raw_return,policy_mean_excess_return,policy_mean_excess_vs_equal_weight,policy_mean_excess_vs_restricted_random,t_statistic,p_value,significant_outperformance,equal_weight_t_statistic,equal_weight_p_value,equal_weight_significant_outperformance,restricted_random_t_statistic,restricted_random_p_value,restricted_random_significant_outperformance
train,1539,0.0005963121075183153,0.0006946742651052773,0.0006764158024452627,0.04655139148235321,0.04595508053898811,0.04585672009680626,0.04587497856029835,50.08988552755648,0.0,True,51.97864654337952,0.0,True,51.96967303277057,0.0,True
validation,385,0.0004853821301367134,0.0005311925779096782,0.0005651304963976145,0.054948870092630386,0.05446349456906319,0.05441768076512721,0.05438374280929566,20.672104641123028,1.1795954272610419e-64,True,21.060993450738103,2.608912695886596e-66,True,20.819389547190923,2.7834623280885064e-65,True
all,1924,0.0005741146160289645,0.0006619608611799777,0.0006541471811942756,0.048231761902570724,0.047657646238803864,0.04756980214322183,0.047577615897025985,52.56887093268681,0.0,True,54.18288705059473,0.0,True,53.96883814206947,0.0,True
