Split,samples,benchmark_mean_raw_return,equal_weight_mean_raw_return,restricted_random_mean_raw_return,markowitz_mean_raw_return,policy_mean_raw_return,policy_mean_excess_return,policy_mean_excess_vs_equal_weight,policy_mean_excess_vs_restricted_random,policy_mean_excess_vs_markowitz,t_statistic,p_value,significant_outperformance,equal_weight_t_statistic,equal_weight_p_value,equal_weight_significant_outperformance,restricted_random_t_statistic,restricted_random_p_value,restricted_random_significant_outperformance,markowitz_t_statistic,markowitz_p_value,markowitz_significant_outperformance
train,38,0.00823422521352768,0.006817711051553488,0.00645110011100769,0.006725229788571596,0.006925010588020086,-0.0013092145090922713,0.00010729934039868807,0.0004739102564359966,0.0001997806523975573,-0.6117200436385757,0.7277681282038828,False,1.8935975609212128,0.03305903599132517,True,0.28828778856072185,0.3873676559638352,False,0.05278662380954357,0.47909294839868594,False
validation,10,0.004241836257278919,0.007442772388458252,0.010324251838028431,0.005059957504272461,0.007428014185279608,0.003186178160831332,-1.4758110046386718e-05,-0.002896237373352051,0.0023680567741394044,0.8012528238049434,0.2218118618879552,False,-0.16017588886752956,0.5618600411392305,False,-0.7965122607351824,0.7768821761815855,False,0.3623918034383787,0.36271153024146324,False
all,48,0.007402477320283651,0.0069479322992265224,0.007258006837219,0.006378298159688711,0.00702980300411582,-0.0003726743161678314,8.187070488929749e-05,-0.00022820383310317993,0.0006515048444271088,-0.19761565590434493,0.57790100753704,False,1.6739615550151674,0.05039072136278215,False,-0.15208576169532712,0.5601148585614693,False,0.1996664315109621,0.42130141780507757,False
