Split,samples,demo_mean_training_reward,policy_mean_excess_return,policy_mean_training_reward,demo_mean_raw_return,demo_mean_excess_return,demo_mean_excess_vs_equal_weight,demo_mean_excess_vs_restricted_random,policy_mean_raw_return,policy_mean_excess_vs_equal_weight,policy_mean_excess_vs_restricted_random,mean_abs_weight_error
train,360.0,0.028750821948051453,0.012828255072236061,0.014545139856636524,0.0400584414601326,0.027033936232328415,0.027895482257008553,0.027813797816634178,0.025852760300040245,0.01368979923427105,0.013608116656541824,0.12146791070699692
validation,90.0,0.03544935584068298,0.021437807008624077,0.020206546410918236,0.04644196853041649,0.036680612713098526,0.0326603464782238,0.031674038618803024,0.03119915910065174,0.01741754449903965,0.016431231051683426,0.13098879158496857
all,450.0,0.03009052760899067,0.014550163410604,0.015677420422434807,0.04133514314889908,0.028963271528482437,0.028848452493548393,0.028585845604538918,0.026922037824988365,0.014435346238315105,0.01417273748666048,0.12337210029363632
