Split,benchmark_component,equal_weight_component,restricted_random_component,raw_return_component,significance_component,significance_bonus,weight_error_penalty,composite_score
train,25.717077183160583,17.569189904617343,13.14871761033102,9.887013296965513,14.851194137408529,10.0,7.288074642419815,83.88511749006318
validation,29.18686790998367,18.808595269419936,13.918618593983714,9.961072246723838,14.039610143539587,10.0,7.859327495098114,88.05543666855263
all,26.900409941417298,17.888140386498264,13.335432263039747,9.908667844563116,14.943808203352711,10.0,7.402326017618179,85.57413262125296
