Split,samples,benchmark_mean_raw_return,equal_weight_mean_raw_return,restricted_random_mean_raw_return,markowitz_mean_raw_return,policy_mean_raw_return,policy_mean_excess_return,policy_mean_excess_vs_equal_weight,policy_mean_excess_vs_restricted_random,policy_mean_excess_vs_markowitz,t_statistic,p_value,significant_outperformance,equal_weight_t_statistic,equal_weight_p_value,equal_weight_significant_outperformance,restricted_random_t_statistic,restricted_random_p_value,restricted_random_significant_outperformance,markowitz_t_statistic,markowitz_p_value,markowitz_significant_outperformance
train,115,0.005326146725565195,0.00894857756793499,0.008403705433011055,0.013820044696331024,0.03518860787153244,0.029862461611628532,0.026240033688752547,0.0267849061800086,0.021368568358214005,9.844885627076529,3.196774860578948e-17,True,9.670760433458902,8.144328631635413e-17,True,9.656220738877158,8.805309987995549e-17,True,8.851390125771239,6.4854642944973965e-15,True
validation,29,0.006031052675098181,0.0043928418308496475,0.005058730486780405,-0.004571538418531418,0.016527360305190086,0.010496308095753193,0.012134519116631869,0.011468630412529254,0.02109889943024208,2.795226689339965,0.004630496885912686,True,4.537316436884347,4.907638063629024e-05,True,4.080758854092298,0.00016913403409614028,True,9.294431175149663,2.359428903821697e-10,True
all,144,0.0054681068286299706,0.008031103760004044,0.0077300649136304855,0.010116183198988438,0.0314304418861866,0.025962335988879204,0.02339933978186713,0.02370037842128012,0.02131426003244188,9.930114951408974,2.6730983690117506e-18,True,10.268210668186807,3.5751299922897743e-19,True,10.129961636340306,8.148625161007018e-19,True,10.77387511722792,1.7363848538201063e-20,True
