Split,samples,benchmark_mean_raw_return,policy_mean_raw_return,policy_mean_excess_return,t_statistic,p_value,significant_outperformance
train,204,0.0032454472966492176,0.0011572890216484666,-0.002088158158585429,-0.8097549036775452,0.7904853934484636,False
validation,52,0.0013659459073096514,-0.0038669235073029995,-0.0052328696474432945,-1.1647469066192364,0.8752295853932885,False
all,256,0.0028636734932661057,0.003607687307521701,0.0007440138142555952,0.9179211170016912,0.1797637702754278,False
