Split,samples,demo_mean_training_reward,policy_mean_excess_return,policy_mean_training_reward,demo_mean_raw_return,demo_mean_excess_return,demo_mean_excess_vs_equal_weight,demo_mean_excess_vs_restricted_random,policy_mean_raw_return,policy_mean_excess_vs_equal_weight,policy_mean_excess_vs_restricted_random,mean_abs_weight_error
train,668.0,0.01796882040798664,-0.0014252515975385904,-0.0006179995252750814,0.022624090313911438,0.017161568626761436,0.017730267718434334,0.017613517120480537,0.004037270322442055,-0.0008565522730350494,-0.0009733015322126448,0.15472382307052612
validation,168.0,0.023957690224051476,0.012326370924711227,0.012053253129124641,0.02991376630961895,0.024230806156992912,0.022670459002256393,0.022364262491464615,0.018009331077337265,0.010766020976006985,0.01045982539653778,0.11884117871522903
all,836.0,0.01917232573032379,0.001338232308626175,0.00192837615031749,0.02408900111913681,0.01858218014240265,0.018723033368587494,0.018568214029073715,0.006845053285360336,0.0014790843706578016,0.001324264332652092,0.14751294255256653
