Split,samples,benchmark_mean_raw_return,equal_weight_mean_raw_return,restricted_random_mean_raw_return,policy_mean_raw_return,policy_mean_excess_return,policy_mean_excess_vs_equal_weight,policy_mean_excess_vs_restricted_random,t_statistic,p_value,significant_outperformance,equal_weight_t_statistic,equal_weight_p_value,equal_weight_significant_outperformance,restricted_random_t_statistic,restricted_random_p_value,restricted_random_significant_outperformance
train,6624,0.0005435029161162674,0.00048602139577269554,0.0004832443955820054,0.0004912075819447637,-5.229533780948259e-05,5.1862159788896494e-06,7.963185940963635e-06,-1.1124608325384187,0.8670097806842202,False,0.1578455485915487,0.43729165897888966,False,0.21043514926895146,0.4166672675507696,False
validation,1656,0.0006223958916962147,0.0007824557833373547,0.0007618232048116624,0.000949742563534528,0.0003273467009421438,0.00016728677035529832,0.00018791933566475837,2.9316739720456897,0.0017088447075980365,True,2.5657136834449905,0.005191879026094716,True,2.448173611258878,0.0072307253283797265,True
all,8280,0.0005592814995907247,0.0005453082849271595,0.0005389601574279368,0.0005829145666211843,2.3633068849449046e-05,3.7606326854171386e-05,4.395441588572258e-05,0.5399829475237087,0.2946116581310942,False,1.281357530892505,0.10005200069773941,False,1.2946656399700844,0.0977358521866383,False
