Split,samples,demo_mean_training_reward,policy_mean_excess_return,policy_mean_training_reward,demo_mean_raw_return,demo_mean_excess_return,demo_mean_excess_vs_equal_weight,demo_mean_excess_vs_restricted_random,policy_mean_raw_return,policy_mean_excess_vs_equal_weight,policy_mean_excess_vs_restricted_random,mean_abs_weight_error
train,6624.0,0.005686922464519739,-5.229533780948259e-05,3.135112638119608e-05,0.0061467788182199,0.0056032766588032246,0.005660757422447205,0.005663534160703421,0.0004912075819447637,5.1862161853932776e-06,7.963186362758279e-06,0.1284671574831009
validation,1656.0,0.006581898313015699,0.0003273467009421438,0.00031368283089250326,0.007217957638204098,0.00659556221216917,0.006435502786189318,0.006456134375184774,0.000949742563534528,0.00016728676564525813,0.00018791932961903512,0.12986049056053162
all,8280.0,0.005865917075425386,2.3633068849449046e-05,8.781746873864904e-05,0.006361015141010284,0.005801733583211899,0.005815706215798855,0.005822054576128721,0.0005829145666211843,3.7606325349770486e-05,4.395441646920517e-05,0.12874582409858704
