Split,benchmark_component,equal_weight_component,restricted_random_component,raw_return_component,significance_component,significance_bonus,weight_error_penalty,composite_score
train,-0.15688458326996174,0.01037243102782739,0.011944776386625208,0.49081289298141956,-1.2374812533208186,0.0,7.7080294489860535,-8.589265185180961
validation,0.9816894819288582,0.33454233422089774,0.2818458275700431,0.9468972352306376,10.617589468490552,10.0,7.791629433631897,15.37093491380909
all,0.07089907455276664,0.07521229914891867,0.06593119923425685,0.582255235454405,4.995323610379418,0.0,7.724749445915222,-1.9351280271454572
