Split,samples,benchmark_mean_raw_return,policy_mean_raw_return,policy_mean_excess_return,t_statistic,p_value,significant_outperformance
train,204,0.0028800435829907656,0.005817562807351351,0.0029375196900218725,1.0516593695759473,0.14710305931666093,False
validation,52,-0.002368713729083538,0.004548197612166405,0.006916911341249943,1.3803385756699527,0.08675148844897858,False
all,256,0.0018138897139579058,0.005983767099678516,0.004169877618551254,2.075003123728323,0.019494577835310774,True
