Split,samples,benchmark_mean_raw_return,equal_weight_mean_raw_return,restricted_random_mean_raw_return,policy_mean_raw_return,policy_mean_excess_return,policy_mean_excess_vs_equal_weight,policy_mean_excess_vs_restricted_random,t_statistic,p_value,significant_outperformance,equal_weight_t_statistic,equal_weight_p_value,equal_weight_significant_outperformance,restricted_random_t_statistic,restricted_random_p_value,restricted_random_significant_outperformance
train,66,0.014533855020999908,0.016344120725989342,0.01636439934372902,0.23351897299289703,0.21898511052131653,0.2171748425021316,0.21715456066709576,16.355016260898022,5.01745764402289e-25,True,17.254156044297183,2.940500729043771e-26,True,16.99016979352952,6.696389808636591e-26,True
validation,17,0.006827691104263067,0.007945618592202663,0.011981350369751453,0.32478460669517517,0.31795695424079895,0.31683901828878064,0.3128032859633951,6.700622993349794,2.5475447183280173e-06,True,6.909189276661469,1.7574857598300182e-06,True,7.093932736074408,1.271232133851545e-06,True
all,83,0.012955483049154282,0.014623943716287613,0.015466666780412197,0.25221192836761475,0.23925645649433136,0.23758798694036093,0.23674526343862695,16.041697553574025,2.5801718519151694e-27,True,16.64947886386413,2.48174188139126e-28,True,16.78897564854874,1.4595615591719314e-28,True
