Split,samples,benchmark_mean_raw_return,policy_mean_raw_return,policy_mean_excess_return,t_statistic,p_value,significant_outperformance
train,204,0.004890725947916508,0.001203697407618165,-0.0036870285402983427,-1.3752458465455377,0.9147144916630064,False
validation,52,0.0047249142080545425,0.0044418699108064175,-0.00028304412262514234,-0.058429586794128734,0.5231826044974148,False
all,256,0.0048570455983281136,0.005862273275852203,0.0010052281431853771,0.661400877309195,0.2544762152402257,False
