Split,samples,benchmark_mean_raw_return,equal_weight_mean_raw_return,restricted_random_mean_raw_return,policy_mean_raw_return,policy_mean_excess_return,policy_mean_excess_vs_equal_weight,policy_mean_excess_vs_restricted_random,t_statistic,p_value,significant_outperformance,equal_weight_t_statistic,equal_weight_p_value,equal_weight_significant_outperformance,restricted_random_t_statistic,restricted_random_p_value,restricted_random_significant_outperformance
train,836,0.005521585699170828,0.004950107540935278,0.004940856248140335,0.004964552819728851,-0.0005570323555730283,1.444549936997263e-05,2.3697409333224502e-05,-2.914218500497341,0.9981694732341436,False,4.38937970777972,6.412571716376218e-06,True,0.15555828933040433,0.43820940081010146,False
validation,209,0.005447760224342346,0.007029411382973194,0.007251693867146969,0.00724414549767971,0.0017963850405067205,0.00021473386070945045,-7.548971039256411e-06,3.2046235608497753,0.000782629945866219,True,2.6094576832368577,0.004863713750982541,True,-0.021483876038212026,0.5085598696040476,False
all,1045,0.005506820511072874,0.005365968681871891,0.005403023213148117,0.005420471075922251,-8.634887490188703e-05,5.4503171637868194e-05,1.7448133258728318e-05,-0.45044919940402534,0.6737599485854018,False,3.2403929135136447,0.00061567699411404,True,0.12409660546838043,0.4506313369186654,False
