Split,samples,benchmark_mean_raw_return,equal_weight_mean_raw_return,restricted_random_mean_raw_return,policy_mean_raw_return,policy_mean_excess_return,policy_mean_excess_vs_equal_weight,policy_mean_excess_vs_restricted_random,t_statistic,p_value,significant_outperformance,equal_weight_t_statistic,equal_weight_p_value,equal_weight_significant_outperformance,restricted_random_t_statistic,restricted_random_p_value,restricted_random_significant_outperformance
train,1360,0.002782725263386965,0.0025093189906328917,0.0023120378609746695,0.002873173449188471,9.044829494087026e-05,0.0003638546256458058,0.0005611357443472919,0.310935107692408,0.3779488192164865,False,1.4669412723008637,0.07131169810877672,False,2.2025835637616002,0.013895751818540403,True
validation,340,0.002360426587983966,0.0031370450742542744,0.002814284060150385,0.004461568780243397,0.002101142192259431,0.0013245238977320055,0.001647284977576312,3.851782996561086,7.010106681203308e-05,True,2.8629275639480247,0.002229287972329791,True,3.3726945734545097,0.00041521766229513725,True
all,1700,0.0026982654817402363,0.002634864067658782,0.00241248682141304,0.003190852701663971,0.0004925871035084128,0.0005559884800630457,0.0007783655909930959,1.911568034193544,0.028049849697522344,True,2.5378156090955843,0.005621683569774537,True,3.441161587935493,0.0002966237091275416,True
