Split,benchmark_component,equal_weight_component,restricted_random_component,raw_return_component,significance_component,significance_bonus,weight_error_penalty,composite_score
train,0.27133748558555404,0.727388282712812,0.840821294399051,2.796638327899121,6.232905383367167,3.333333333333333,9.961525797843933,4.2408983094531045
validation,6.212274713247818,2.6336644288252042,2.4488174887038454,4.18734839431184,12.117823806884637,10.0,9.820451438426971,27.779477393546372
all,1.4765672459645964,1.1108325822366423,1.1651962109997798,3.086795834962941,10.571639559399124,10.0,9.933310747146606,17.477720686416475
