Split,samples,benchmark_mean_raw_return,policy_mean_raw_return,policy_mean_excess_return,t_statistic,p_value,significant_outperformance
train,204,0.0031942236237227917,-4.117161734029651e-05,-0.003235395299270749,-1.1289292389694368,0.8698699908081381,False
validation,52,0.0029680030420422554,-0.00131564075127244,-0.004283643793314695,-0.711809802439782,0.7600869581344271,False
all,256,0.0031482726335525513,0.00442609004676342,0.0012778174132108688,4.025426597546315,3.7518121265441186e-05,True
