Split,benchmark_component,equal_weight_component,restricted_random_component,raw_return_component,significance_component,significance_bonus,weight_error_penalty,composite_score
train,-0.049382030702667494,0.09390915956544371,0.13196649401505012,0.45680260618871177,2.295011270817978,0.0,11.293492019176483,-8.365184519291967
validation,0.8674745505707113,0.31531787312027,0.1989019550115241,1.0591098746514787,6.312012822361897,3.333333333333333,11.175110042095184,0.9110403669540297
all,0.13403674106728797,0.1381944808856019,0.14535409203571184,0.5776720653725784,4.487978740673213,0.0,11.269815266132355,-5.786579146097962
