Split,samples,benchmark_mean_raw_return,equal_weight_mean_raw_return,restricted_random_mean_raw_return,policy_mean_raw_return,policy_mean_excess_return,policy_mean_excess_vs_equal_weight,policy_mean_excess_vs_restricted_random,t_statistic,p_value,significant_outperformance,equal_weight_t_statistic,equal_weight_p_value,equal_weight_significant_outperformance,restricted_random_t_statistic,restricted_random_p_value,restricted_random_significant_outperformance
train,501,0.005462522152811289,0.004893822595477104,0.0046898010186851025,0.009604488499462605,0.004141966346651316,0.004710666076865739,0.004914688017078027,6.399946048548739,1.7905157716360034e-10,True,9.579633368912129,2.2684132500367452e-20,True,9.670009833551074,1.0805447745417341e-20,True
validation,126,0.005682959221303463,0.007243309635668993,0.007359950803220272,0.00895207840949297,0.003269118955358863,0.0017087686629522415,0.0015921275767069015,2.895928201909702,0.0022318683146646087,True,2.594976881683922,0.005295402558838641,True,2.0959418170602953,0.019052201322637605,True
all,627,0.005506820511072874,0.005365967750549316,0.0052263857796788216,0.009473380632698536,0.0039665610529482365,0.00410741339459944,0.00424699587494943,7.026815084447085,2.7673148736828843e-12,True,9.84578608210349,1.156770321596823e-21,True,9.72176169983791,3.3496666165547134e-21,True
