Split,samples,benchmark_mean_raw_return,equal_weight_mean_raw_return,restricted_random_mean_raw_return,policy_mean_raw_return,policy_mean_excess_return,policy_mean_excess_vs_equal_weight,policy_mean_excess_vs_restricted_random,t_statistic,p_value,significant_outperformance,equal_weight_t_statistic,equal_weight_p_value,equal_weight_significant_outperformance,restricted_random_t_statistic,restricted_random_p_value,restricted_random_significant_outperformance
train,201,0.013365117833018303,0.012232746928930283,0.012314815074205399,0.028696712106466293,0.01533159613609314,0.016463965622346793,0.01638189684692307,9.152613313853827,3.281712292598702e-17,True,12.624492977666208,1.4846646682699794e-27,True,12.438365667332294,5.528242076381996e-27,True
validation,51,0.006827694363892078,0.01227791141718626,0.01318887434899807,0.022081345319747925,0.015253649093210697,0.009803431875565472,0.008892469546374153,3.682653395162843,0.00028330434888826296,True,3.197906675473712,0.001201232383560492,True,2.8385071789084106,0.003266955815530057,True
all,252,0.01204206608235836,0.012241887860000134,0.012491708621382713,0.02735789120197296,0.015315823256969452,0.015116003297624133,0.014866182255366492,9.735353639174603,1.649594039240042e-19,True,12.390502819853696,3.9421129884365187e-28,True,12.002220331479979,7.861921960064255e-27,True
