Split,samples,demo_mean_training_reward,policy_mean_excess_return,policy_mean_training_reward,demo_mean_raw_return,demo_mean_excess_return,demo_mean_excess_vs_equal_weight,demo_mean_excess_vs_restricted_random,policy_mean_raw_return,policy_mean_excess_vs_equal_weight,policy_mean_excess_vs_restricted_random,mean_abs_weight_error
train,201.0,0.03731006011366844,0.01533159613609314,0.017217878252267838,0.048788897693157196,0.03542378172278404,0.036556147038936615,0.0364740826189518,0.028696712106466293,0.01646396517753601,0.016381897032260895,0.12678131461143494
validation,51.0,0.045190002769231796,0.015253649093210697,0.01302911713719368,0.054242223501205444,0.04741453006863594,0.04196431487798691,0.041053351014852524,0.022081345319747925,0.009803432039916515,0.008892469108104706,0.15982595086097717
all,252.0,0.038904812186956406,0.015315823256969452,0.016370156779885292,0.049892548471689224,0.037850476801395416,0.037650659680366516,0.03740083426237106,0.02735789120197296,0.015116002410650253,0.014866181649267673,0.13346892595291138
