Split,benchmark_component,equal_weight_component,restricted_random_component,raw_return_component,significance_component,significance_bonus,weight_error_penalty,composite_score
train,27.32891209793483,18.567229731756587,13.908286042937322,9.93586864438992,14.985045446458694,10.0,7.606878876686096,87.11846308679127
validation,27.288841464855576,15.064288590761718,10.66532383720564,9.761299018546717,11.89740991436846,10.0,9.58955705165863,75.08760577407948
all,27.320849486945157,18.14445272290304,13.540508651993981,9.916260270054277,14.984752322277634,10.0,8.008135557174683,85.8986878969994
