Split,samples,benchmark_mean_raw_return,equal_weight_mean_raw_return,restricted_random_mean_raw_return,policy_mean_raw_return,policy_mean_excess_return,policy_mean_excess_vs_equal_weight,policy_mean_excess_vs_restricted_random,t_statistic,p_value,significant_outperformance,equal_weight_t_statistic,equal_weight_p_value,equal_weight_significant_outperformance,restricted_random_t_statistic,restricted_random_p_value,restricted_random_significant_outperformance
train,155,0.006039191968739033,0.007150293327867985,0.007453910540789366,0.15702615678310394,0.15098696947097778,0.14987586159859934,0.1495722439981276,21.498473510386194,1.5824984359772754e-48,True,22.58582187746597,4.886957456938415e-51,True,22.28886949360911,2.334412814130245e-50,True
validation,39,0.003980980254709721,0.004372077062726021,0.00409579137340188,0.20193588733673096,0.1979549080133438,0.19756381939619017,0.1978401052646148,5.856214047517127,4.483067929902892e-07,True,5.984951294275968,2.9849492577335627e-07,True,6.013294220124963,2.729320720956727e-07,True
all,194,0.005625427234917879,0.006591785699129105,0.00677882507443428,0.1660543978214264,0.1604289710521698,0.1594626160012078,0.15927557693314306,18.106229247659897,8.942545521028403e-44,True,18.65147196739592,2.3143035867704464e-45,True,18.579259670275142,3.748438011952758e-45,True
