Split,samples,benchmark_mean_raw_return,equal_weight_mean_raw_return,restricted_random_mean_raw_return,policy_mean_raw_return,policy_mean_excess_return,policy_mean_excess_vs_equal_weight,policy_mean_excess_vs_restricted_random,t_statistic,p_value,significant_outperformance,equal_weight_t_statistic,equal_weight_p_value,equal_weight_significant_outperformance,restricted_random_t_statistic,restricted_random_p_value,restricted_random_significant_outperformance
train,668,0.005462522152811289,0.004893822595477104,0.005128579679876566,0.00516384607180953,-0.00029867602279409766,0.00027002331739414237,3.526658712033026e-05,-1.2229833007101187,0.8891160371032503,False,3.1057290725322964,0.00098928669225328,True,0.18360030887933557,0.42719140965107927,False
validation,168,0.005682959221303463,0.007243309635668993,0.006960972212255001,0.007614524569362402,0.0019315651152282953,0.0003712148893447149,0.00065355251232783,2.8584410178804203,0.002399933923075864,True,2.1945727486447737,0.01478731586546386,True,1.586858867442954,0.057218114148194034,False
all,836,0.005506820045411587,0.005365968216210604,0.005496811121702194,0.0056563266552984715,0.00014950642071198672,0.00029035846582440097,0.00015951543333427758,0.6241488180921763,0.2663501685669695,False,3.75578160013631,9.239700326662816e-05,True,0.9142701400952475,0.18041942114595977,False
