Split,samples,demo_mean_training_reward,policy_mean_excess_return,policy_mean_training_reward,demo_mean_raw_return,demo_mean_excess_return,demo_mean_excess_vs_equal_weight,demo_mean_excess_vs_restricted_random,policy_mean_raw_return,policy_mean_excess_vs_equal_weight,policy_mean_excess_vs_restricted_random,mean_abs_weight_error
train,668.0,0.017738942056894302,-0.00029867602279409766,0.00048497453099116683,0.022417813539505005,0.016955291852355003,0.0175239909440279,0.017289234325289726,0.00516384607180953,0.0002700233308132738,3.526658838381991e-05,0.13444294035434723
validation,168.0,0.02387210913002491,0.0019315651152282953,0.0017761534545570612,0.02971048094332218,0.024027520790696144,0.022467171773314476,0.022749509662389755,0.007614524569362402,0.00037121487548574805,0.0006535525317303836,0.13509312272071838
all,836.0,0.01897144503891468,0.00014950642071198672,0.0007444458897225559,0.02388332411646843,0.018376505002379417,0.018517358228564262,0.018386514857411385,0.0056563266552984715,0.0002903584681916982,0.00015951543173287064,0.13457359373569489
