Split,benchmark_component,equal_weight_component,restricted_random_component,raw_return_component,significance_component,significance_bonus,weight_error_penalty,composite_score
train,-0.8957617224074048,0.5399154190575712,0.052899661370642316,4.749048269242404,3.3846460126805393,3.333333333333333,8.066576421260834,3.0975045520162503
validation,5.723689228261537,0.7420889425900068,0.9789353867494479,6.419316913773177,9.416881433740494,6.666666666666666,8.105587363243103,21.841991208538225
all,0.4484858471944723,0.5805537896468659,0.23925285757742773,5.121446717203748,7.929477954429569,3.333333333333333,8.074415624141693,9.578134875243723
