Split,samples,benchmark_mean_raw_return,equal_weight_mean_raw_return,restricted_random_mean_raw_return,policy_mean_raw_return,policy_mean_excess_return,policy_mean_excess_vs_equal_weight,policy_mean_excess_vs_restricted_random,t_statistic,p_value,significant_outperformance,equal_weight_t_statistic,equal_weight_p_value,equal_weight_significant_outperformance,restricted_random_t_statistic,restricted_random_p_value,restricted_random_significant_outperformance
train,268,0.013365117833018303,0.012232747860252857,0.012272380292415619,0.011443227529525757,-0.001921890419907868,-0.0007895204558301328,-0.0008291533189033394,-0.5644892932117723,0.7135524550421248,False,-0.2631273606046085,0.6036723240198898,False,-0.27810724076359633,0.6094273609880088,False
validation,68,0.006827694363892078,0.01227791141718626,0.013233079575002193,0.030503062531352043,0.02367536723613739,0.01822515094981474,0.01726998301113353,3.621298719306175,0.0002823455805260611,True,3.4328922553326873,0.0005140728338938867,True,3.280378623218583,0.0008236561419472197,True
all,336,0.01204206794500351,0.012241888791322708,0.01246680784970522,0.015300577506422997,0.0032585086300969124,0.003058688271613348,0.0028337685480004267,1.061973578293396,0.1445063255444244,False,1.1529105070961292,0.12488454647755479,False,1.0764238558880703,0.1412561568557811,False
