Split,samples,demo_mean_training_reward,policy_mean_excess_return,policy_mean_training_reward,demo_mean_raw_return,demo_mean_excess_return,demo_mean_excess_vs_equal_weight,demo_mean_excess_vs_restricted_random,policy_mean_raw_return,policy_mean_excess_vs_equal_weight,policy_mean_excess_vs_restricted_random,mean_abs_weight_error
train,268.0,0.026398463174700737,-0.001921890419907868,-2.7120335289509967e-05,0.03786880895495415,0.024503692984580994,0.025636062026023865,0.025596430525183678,0.011443227529525757,-0.0007895204471424222,-0.0008291533449664712,0.15030446648597717
validation,68.0,0.03416552394628525,0.02367536723613739,0.021441994234919548,0.04322659596800804,0.03639889508485794,0.030948681756854057,0.029993517324328423,0.030503062531352043,0.01822515018284321,0.017269983887672424,0.13620157539844513
all,336.0,0.027970368042588234,0.0032585086300969124,0.004317821469157934,0.03895312175154686,0.02691105380654335,0.02671123668551445,0.026486316695809364,0.015300577506422997,0.003058688249439001,0.0028337687253952026,0.1474503129720688
