Split,benchmark_component,equal_weight_component,restricted_random_component,raw_return_component,significance_component,significance_bonus,weight_error_penalty,composite_score
train,-5.695716484401313,-1.5757681270527129,-1.2408875998429547,8.158645775223015,-1.8336566049306664,0.0,9.01826798915863,-11.205651030163263
validation,29.47767869469254,18.98177190009822,14.080503138165986,9.955270373813658,12.257779621597232,10.0,8.172094523906708,86.58090920446094
all,9.443630412969691,5.933483302064635,4.140413209778663,9.104344760783961,5.2533841438911875,0.0,8.847018778324127,25.028237051164012
