Split,samples,benchmark_mean_raw_return,equal_weight_mean_raw_return,restricted_random_mean_raw_return,policy_mean_raw_return,policy_mean_excess_return,policy_mean_excess_vs_equal_weight,policy_mean_excess_vs_restricted_random,t_statistic,p_value,significant_outperformance,equal_weight_t_statistic,equal_weight_p_value,equal_weight_significant_outperformance,restricted_random_t_statistic,restricted_random_p_value,restricted_random_significant_outperformance
train,14,0.007191773038357496,0.011030299589037895,0.013429922983050346,0.18592579662799835,0.17873403429985046,0.17489549943378993,0.17249587603977748,6.535615813662351,9.477339369468128e-06,True,6.355586710143166,1.2566693949352856e-05,True,6.388584299241943,1.1929372133022746e-05,True
validation,4,-0.0071656107902526855,-0.0048949867486953735,0.0007197558879852295,0.22393745183944702,0.2311030626296997,0.2288324385881424,0.2232176959514618,4.2749993754091244,0.011751015475715084,True,4.600131746894062,0.009655475983959529,True,4.9280953131280985,0.008007567274425108,True
all,18,0.00400124303996563,0.007491346914321184,0.01060544140636921,0.19437283277511597,0.1903715878725052,0.18688148591253492,0.18376739157570732,7.855373403497831,2.3374571331362083e-07,True,7.779869271449291,2.662743676097964e-07,True,7.906466742477919,2.1410933121640745e-07,True
