Split,samples,benchmark_mean_raw_return,equal_weight_mean_raw_return,restricted_random_mean_raw_return,policy_mean_raw_return,policy_mean_excess_return,policy_mean_excess_vs_equal_weight,policy_mean_excess_vs_restricted_random,t_statistic,p_value,significant_outperformance,equal_weight_t_statistic,equal_weight_p_value,equal_weight_significant_outperformance,restricted_random_t_statistic,restricted_random_p_value,restricted_random_significant_outperformance
train,668,0.005462522152811289,0.004893822595477104,0.005010571796447039,0.004365184810012579,-0.001097337226383388,-0.0005286378774814263,-0.0006453872262360807,-0.7551598570713092,0.7747901814616945,False,-0.4096457566515492,0.6589013253199871,False,-0.4994600455737836,0.6911899838407212,False
validation,168,0.005682959221303463,0.007243309635668993,0.007549504283815622,0.01750294864177704,0.01181999035179615,0.010259639649164109,0.00995344455753054,3.2607598162916522,0.0006734445609726404,True,3.2706151798580176,0.0006517858768541155,True,3.1673317399425835,0.0009147278777768071,True
all,836,0.005506820045411587,0.005365968216210604,0.00552078802138567,0.007005309220403433,0.001498489291407168,0.0016393413383994947,0.0014845215532768286,1.0848478122560714,0.13915109021382716,False,1.3471593176258734,0.0891471963873983,False,1.2185221578738479,0.1116848841299854,False
