Split,samples,benchmark_mean_raw_return,equal_weight_mean_raw_return,restricted_random_mean_raw_return,policy_mean_raw_return,policy_mean_excess_return,policy_mean_excess_vs_equal_weight,policy_mean_excess_vs_restricted_random,t_statistic,p_value,significant_outperformance,equal_weight_t_statistic,equal_weight_p_value,equal_weight_significant_outperformance,restricted_random_t_statistic,restricted_random_p_value,restricted_random_significant_outperformance
train,1440,0.0016855491558089852,0.0015727332793176174,0.0015309912851080298,0.0017198543064296246,3.430520519032143e-05,0.00014712106850412157,0.00018886315325895945,0.3177905834371829,0.37534495086699693,False,3.2857246468558428,0.000520845921121136,True,2.4242767379291186,0.007730717534167302,True
validation,360,0.0014055229257792234,0.0019587373826652765,0.001812246977351606,0.0020436730701476336,0.000638150202576071,8.493579096264309e-05,0.00023142612642712063,2.462145641321508,0.00714001184621402,True,2.441892781407651,0.007546230768270731,True,1.5322992140042586,0.06316466867760537,False
all,1800,0.0016295439563691616,0.001649934216402471,0.0015872424701228738,0.0017846181290224195,0.0001550742017570883,0.00013468401299582586,0.00019737574789259167,1.537695523137751,0.06214946628183754,False,3.690912289017426,0.00011505287157648048,True,2.8505682522259868,0.002206933441735213,True
