Split,samples,demo_mean_training_reward,policy_mean_excess_return,policy_mean_training_reward,demo_mean_raw_return,demo_mean_excess_return,demo_mean_excess_vs_equal_weight,demo_mean_excess_vs_restricted_random,policy_mean_raw_return,policy_mean_excess_vs_equal_weight,policy_mean_excess_vs_restricted_random,mean_abs_weight_error
train,1440.0,0.010826638899743557,3.430520519032143e-05,0.0002676164440345019,0.012278877198696136,0.01059332862496376,0.010706143453717232,0.010747885331511497,0.0017198543064296246,0.00014712107076775283,0.00018886315228883177,0.13708321750164032
validation,360.0,0.013719198293983936,0.000638150202576071,0.0005313932779245079,0.015231477096676826,0.01382595393806696,0.013272740878164768,0.013419230468571186,0.0020436730701476336,8.493578934576362e-05,0.00023142612189985812,0.13855277001857758
all,1800.0,0.011405151337385178,0.0001550742017570883,0.00032037185155786574,0.012869398109614849,0.011239852756261826,0.011219463311135769,0.011282156221568584,0.0017846181290224195,0.00013468401448335499,0.00019737574621103704,0.13737711310386658
