Split,benchmark_component,equal_weight_component,restricted_random_component,raw_return_component,significance_component,significance_bonus,weight_error_penalty,composite_score
train,0.10291521185305123,0.29422090965958064,0.28326105162000903,1.703095379874924,8.772277162339105,6.666666666666666,8.22499305009842,9.597443331914917
validation,1.9118560586944715,0.16986749714769017,0.3470772292519993,2.0156884850876597,9.208428808221987,6.666666666666666,8.313166201114655,12.006418543955817
all,0.4651853166016108,0.26935173958126285,0.29602518181046694,1.7659105431523767,10.727540802530706,6.666666666666666,8.242626786231995,11.948053464111098
