Split,samples,benchmark_mean_raw_return,policy_mean_raw_return,policy_mean_excess_return,t_statistic,p_value,significant_outperformance
train,204,0.0063964021392166615,0.00258776661939919,-0.003808635054156184,-1.245775132263294,0.8928585758766013,False
validation,52,-0.008272363804280758,-0.01992802508175373,-0.011655663140118122,-2.0913010636020513,0.9792494473322476,False
all,256,0.00341680902056396,0.004468131810426712,0.0010513230226933956,3.802019283848148,8.981187426305526e-05,True
