Split,samples,benchmark_mean_raw_return,policy_mean_raw_return,policy_mean_excess_return,t_statistic,p_value,significant_outperformance
train,204,0.0031942236237227917,0.00221841293387115,-0.0009758107480593026,-0.4345159769611559,0.6678123440136611,False
validation,52,0.0029680030420422554,-0.0030703155789524317,-0.006038318388164043,-0.7386978410717904,0.7682616885007856,False
all,256,0.0031482726335525513,0.004786715377122164,0.0016384427435696125,4.072082334433696,3.1112396787899754e-05,True
