Split,samples,benchmark_mean_raw_return,policy_mean_raw_return,policy_mean_excess_return,t_statistic,p_value,significant_outperformance
train,204,0.0032454472966492176,0.0008931016782298684,-0.0023523455020040274,-0.9115940767908269,0.8184681570398888,False
validation,52,0.0013659459073096514,-0.0038114958442747593,-0.005177441518753767,-1.1626374055946063,0.8748058932865661,False
all,256,0.0028636734932661057,0.003625736804679036,0.0007620633114129305,3.489370559200398,0.0002851121145312973,True
