Split,samples,benchmark_mean_raw_return,equal_weight_mean_raw_return,restricted_random_mean_raw_return,policy_mean_raw_return,policy_mean_excess_return,policy_mean_excess_vs_equal_weight,policy_mean_excess_vs_restricted_random,t_statistic,p_value,significant_outperformance,equal_weight_t_statistic,equal_weight_p_value,equal_weight_significant_outperformance,restricted_random_t_statistic,restricted_random_p_value,restricted_random_significant_outperformance
train,188,0.0012792273191735148,0.0009060971206054091,0.0010596478823572397,0.051469139754772186,0.05018991604447365,0.05056304563867285,0.05040949487939794,17.54518924565073,1.1255029127823191e-41,True,18.183787463674378,1.6415202730483564e-43,True,18.48859491511014,2.214077572961883e-44,True
validation,48,-0.0010133422911167145,-0.0009812215575948358,-0.0011949501931667328,0.058880120515823364,0.05989345908164978,0.059861342112223305,0.0600750707089901,9.466475472184731,9.114355357114524e-13,True,10.044204906620525,1.3885771191239316e-13,True,9.967934190138482,1.776029166550452e-13,True
all,236,0.0008129419293254614,0.0005222356994636357,0.000601085543166846,0.05297646299004555,0.052163515239953995,0.05245422458244582,0.052375374709145495,19.88645317745971,1.428658131068131e-52,True,20.724928585881557,2.9124039685814218e-55,True,20.942973911774256,5.884570488791795e-56,True
