Split,samples,demo_mean_training_reward,policy_mean_excess_return,policy_mean_training_reward,demo_mean_raw_return,demo_mean_excess_return,demo_mean_excess_vs_equal_weight,demo_mean_excess_vs_restricted_random,policy_mean_raw_return,policy_mean_excess_vs_equal_weight,policy_mean_excess_vs_restricted_random,mean_abs_weight_error
train,1360.0,0.012488390319049358,-0.00017265081987716258,0.00028178110369481146,0.01481668557971716,0.012033958919346333,0.012307366356253624,0.012504647485911846,0.002610074356198311,0.0001007555183605291,0.0002980366407427937,0.1280270516872406
validation,340.0,0.014819306321442127,0.001073495834134519,0.0009857815457507968,0.01726744882762432,0.014907021075487137,0.01413040328770876,0.014453164301812649,0.003433922538533807,0.0002968774060718715,0.0006196384783834219,0.1279173493385315
all,1700.0,0.012954575009644032,7.657850801479071e-05,0.000422581157181412,0.015306837856769562,0.012608572840690613,0.012671973556280136,0.012894350104033947,0.0027748439460992813,0.00013997989299241453,0.0003623570082709193,0.12800513207912445
