Split,samples,benchmark_mean_raw_return,equal_weight_mean_raw_return,restricted_random_mean_raw_return,policy_mean_raw_return,policy_mean_excess_return,policy_mean_excess_vs_equal_weight,policy_mean_excess_vs_restricted_random,t_statistic,p_value,significant_outperformance,equal_weight_t_statistic,equal_weight_p_value,equal_weight_significant_outperformance,restricted_random_t_statistic,restricted_random_p_value,restricted_random_significant_outperformance
train,167,0.005462522152811289,0.004893822595477104,0.00499897263944149,0.029743846505880356,0.024281324818730354,0.024850020865480344,0.0247448707769017,13.624198185671931,3.729368158327511e-29,True,16.230230328879372,2.159811491609248e-36,True,15.72682857766385,5.200503331796959e-35,True
validation,42,0.005682959221303463,0.007243309635668993,0.006999677047133446,0.037830524146556854,0.032147567719221115,0.03058721621831258,0.030830848784673782,7.690553232979933,8.885429828482026e-10,True,8.889877756775626,2.0613660037430243e-11,True,9.595032543938617,2.4335852473905586e-12,True
all,209,0.005506820045411587,0.005365968216210604,0.005401028320193291,0.0313689187169075,0.02586209774017334,0.02600295007514041,0.0259678902808559,15.551803623149556,5.407956169103518e-37,True,18.436392268218494,6.271627118030264e-46,True,18.287765320478528,1.7820028486022088e-45,True
