Split,samples,benchmark_mean_raw_return,equal_weight_mean_raw_return,restricted_random_mean_raw_return,markowitz_mean_raw_return,policy_mean_raw_return,policy_mean_excess_return,policy_mean_excess_vs_equal_weight,policy_mean_excess_vs_restricted_random,policy_mean_excess_vs_markowitz,t_statistic,p_value,significant_outperformance,equal_weight_t_statistic,equal_weight_p_value,equal_weight_significant_outperformance,restricted_random_t_statistic,restricted_random_p_value,restricted_random_significant_outperformance,markowitz_t_statistic,markowitz_p_value,markowitz_significant_outperformance
train,1132,0.0007072672597132623,0.0011260145111009479,0.001134308404289186,0.0017471848987042904,0.0011552843498066068,0.00044801714830100536,2.9269882309984402e-05,2.0975990767192502e-05,-0.0005919004497595473,6.046576396102531,1.0035851895896718e-09,True,11.26030168116003,2.970478789302069e-28,True,0.41824525396222806,0.3379236058769024,False,-3.875337340705838,0.9999437022389641,False
validation,284,0.0009840114507824183,0.00048624546616338193,0.0004550906887743622,-0.0018324028933420777,0.000496205291710794,-0.00048780610086396337,9.959852191763865e-06,4.111461236443318e-05,0.002328608237521749,-2.844065946266319,0.9976104993329352,False,1.991981803236899,0.02366690364370341,True,0.3951155161634185,0.3465276422612102,False,7.962619751123627,2.0593722821564045e-14,True
all,1416,0.0007627723971381783,0.0009976992150768638,0.000998081173747778,0.0010292449733242393,0.001023096265271306,0.0002603237808216363,2.5396966664804577e-05,2.5015092838955463e-05,-6.148707395219533e-06,3.7624368153497727,8.756962792536032e-05,True,10.967205758722328,3.2170533288877417e-27,True,0.5536271993721802,0.2899607373402231,False,-0.04425559789748744,0.517646545534102,False
