Split,samples,benchmark_mean_raw_return,equal_weight_mean_raw_return,restricted_random_mean_raw_return,policy_mean_raw_return,policy_mean_excess_return,policy_mean_excess_vs_equal_weight,policy_mean_excess_vs_restricted_random,t_statistic,p_value,significant_outperformance,equal_weight_t_statistic,equal_weight_p_value,equal_weight_significant_outperformance,restricted_random_t_statistic,restricted_random_p_value,restricted_random_significant_outperformance
train,836,0.005521585699170828,0.004950107540935278,0.004940856248140335,0.005892117973417044,0.0003705327690113336,0.0009420106285496762,0.0009512625385129281,1.17227314063157,0.12071087854125256,False,4.4414745675521194,5.0679559044658865e-06,True,3.686890670045416,0.00012084003653022503,True
validation,209,0.005447760224342346,0.007029411382973194,0.007251693867146969,0.007339815143495798,0.0018920550355687737,0.00031040387860895914,8.812104686025227e-05,3.5390347523324364,0.00024767310931611737,True,3.143552079855827,0.0009564623380751464,True,0.23720251685238072,0.4063665732824381,False
all,1045,0.005506820511072874,0.005365968681871891,0.005403023213148117,0.006181657779961824,0.0006748372106812894,0.0008156892785615328,0.0007786342401823929,2.453239124059472,0.007160121678375366,True,4.770809237293903,1.0478224074317664e-06,True,3.5462756666598643,0.00020402695440860212,True
