Split,samples,benchmark_mean_raw_return,equal_weight_mean_raw_return,restricted_random_mean_raw_return,policy_mean_raw_return,policy_mean_excess_return,policy_mean_excess_vs_equal_weight,policy_mean_excess_vs_restricted_random,t_statistic,p_value,significant_outperformance,equal_weight_t_statistic,equal_weight_p_value,equal_weight_significant_outperformance,restricted_random_t_statistic,restricted_random_p_value,restricted_random_significant_outperformance
train,8280,0.0005435029161162674,0.00048602139577269554,0.0004788176156580448,0.00048602191964164376,-5.748106195824221e-05,4.895067445321936e-10,7.204243526366598e-06,-2.444657674811381,0.9927401622005475,False,0.31013957126927216,0.3782313138452281,False,0.4209150361607617,0.33691402549426525,False
validation,2070,0.0006223958334885538,0.0007824557833373547,0.0007897538016550243,0.0007824595086276531,0.00016006360237952322,3.6856978411835748e-09,-7.29437035638929e-06,2.5301426603337203,0.005737622115316905,True,2.2607525335505745,0.011939039710883028,True,-0.19390250652142393,0.5768643722483804,False
all,10350,0.0005592814995907247,0.0005453082849271595,0.0005410048761405051,0.0005453093908727169,-1.3972129636385944e-05,1.1287449638624698e-09,4.304520749815421e-06,-0.6159386078796827,0.7310257073460878,False,0.8655193857115271,0.19338692183149372,False,0.27552961264942016,0.39145743962539586,False
