Split,samples,demo_mean_training_reward,policy_mean_excess_return,policy_mean_training_reward,demo_mean_raw_return,demo_mean_excess_return,demo_mean_excess_vs_equal_weight,demo_mean_excess_vs_restricted_random,policy_mean_raw_return,policy_mean_excess_vs_equal_weight,policy_mean_excess_vs_restricted_random,mean_abs_weight_error
train,8280.0,0.006166380830109119,-5.748106195824221e-05,2.7050758944824338e-05,0.006625351496040821,0.006081848405301571,0.006139330565929413,0.006146534346044064,0.00048602191964164376,4.895067684529408e-10,7.20424350220128e-06,0.13633261620998383
validation,2070.0,0.00709457928314805,0.00016006360237952322,0.00014081361587159336,0.007736224681138992,0.007113828789442778,0.006953768897801638,0.006946471054106951,0.0007824595086276531,3.6856977470023367e-09,-7.294370334420819e-06,0.13759607076644897
all,10350.0,0.006352019961923361,-1.3972129636385944e-05,4.980333324056119e-05,0.00684752594679594,0.006288244854658842,0.006302218418568373,0.0063065215945243835,0.0005453093908727169,1.1287449863672805e-09,4.30452064392739e-06,0.1365853101015091
