Split,benchmark_component,equal_weight_component,restricted_random_component,raw_return_component,significance_component,significance_bonus,weight_error_penalty,composite_score
train,-0.1724412866838753,9.790134890643863e-07,0.010806363420008572,0.485639591591937,-2.8219860925719105,0.0,8.17995697259903,-10.67793741782938
validation,0.4801498024747337,7.3713956823668166e-06,-0.010941553593995934,0.7808665587192164,7.058255272631544,6.666666666666666,8.255764245986938,6.719239872306908
all,-0.041916361632730846,2.25748992772493e-06,0.006456780725933012,0.5447695181082278,0.8741922315261547,0.0,8.195118606090546,-6.811614179873033
