Split,samples,benchmark_mean_raw_return,equal_weight_mean_raw_return,restricted_random_mean_raw_return,policy_mean_raw_return,policy_mean_excess_return,policy_mean_excess_vs_equal_weight,policy_mean_excess_vs_restricted_random,t_statistic,p_value,significant_outperformance,equal_weight_t_statistic,equal_weight_p_value,equal_weight_significant_outperformance,restricted_random_t_statistic,restricted_random_p_value,restricted_random_significant_outperformance
train,1440,0.0016855491558089852,0.0015727332793176174,0.0015309912851080298,0.0016248070169240236,-6.074209886719473e-05,5.207376347647773e-05,9.381584823131561e-05,-0.6556641070597512,0.7439274614166705,False,3.566427322805353,0.0001868687404705856,True,1.4664555920504396,0.07137134955043228,False
validation,360,0.0014055229257792234,0.0019587373826652765,0.001812246977351606,0.001974708866328001,0.0005691859405487776,1.5971561272939045e-05,0.00016246189673741658,2.2725290223311996,0.011822629837154895,True,1.82674331970001,0.034284293720956226,True,1.1033188287087496,0.13531387785815374,False
all,1800,0.0016295439563691616,0.001649934216402471,0.0015872424701228738,0.0016947875265032053,6.524351192638278e-05,4.4853323035769994e-05,0.0001075450579325358,0.7280322997148476,0.2333442798516467,False,3.796349032404758,7.585536161058705e-05,True,1.821812319661778,0.03432472359412687,True
