Split,samples,demo_mean_training_reward,policy_mean_excess_return,policy_mean_training_reward,demo_mean_raw_return,demo_mean_excess_return,demo_mean_excess_vs_equal_weight,demo_mean_excess_vs_restricted_random,policy_mean_raw_return,policy_mean_excess_vs_equal_weight,policy_mean_excess_vs_restricted_random,mean_abs_weight_error
train,1440.0,0.010826638899743557,-6.074209886719473e-05,0.00017256915452890098,0.012278877198696136,0.01059332862496376,0.010706143453717232,0.010747885331511497,0.0016248070169240236,5.207376307225786e-05,9.381584823131561e-05,0.13760553300380707
validation,360.0,0.013719198293983936,0.0005691859405487776,0.0004624290741048753,0.015231477096676826,0.01382595393806696,0.013272740878164768,0.013419230468571186,0.001974708866328001,1.5971561879268847e-05,0.00016246190352831036,0.1385785937309265
all,1800.0,0.011405151337385178,6.524351192638278e-05,0.00023054113262332976,0.012869398109614849,0.011239852756261826,0.011219463311135769,0.011282156221568584,0.0016947875265032053,4.485332465264946e-05,0.00010754505638033152,0.1378001570701599
