Split,benchmark_component,equal_weight_component,restricted_random_component,raw_return_component,significance_component,significance_bonus,weight_error_penalty,composite_score
train,-0.18222405549261558,0.1041465855817094,0.1407196439320078,1.6106581203262689,6.769811455526622,3.333333333333333,8.256331980228424,3.5201131029789003
validation,1.7057162014585183,0.03194309538458677,0.24367140738022056,1.9494352484044142,7.818871629513892,6.666666666666666,8.31471562385559,10.101588624952708
all,0.19572775859552277,0.08970604449745638,0.16131136788835815,1.67874532608179,9.114233342701086,6.666666666666666,8.268009424209595,9.638381082221287
