Split,samples,benchmark_mean_raw_return,policy_mean_raw_return,policy_mean_excess_return,t_statistic,p_value,significant_outperformance
train,204,0.0032454472966492176,0.004148824140429497,0.0009033770766109228,2.8951411459930125,0.0021022880970466835,True
validation,52,0.0013659459073096514,0.002775497268885374,0.0014095512451604009,1.7020827301842367,0.047414449635843084,True
all,256,0.0028636734932661057,0.0044747041538357735,0.0016110308934003115,4.640063556287345,2.786999949233306e-06,True
