Split,samples,benchmark_mean_raw_return,equal_weight_mean_raw_return,restricted_random_mean_raw_return,policy_mean_raw_return,policy_mean_excess_return,policy_mean_excess_vs_equal_weight,policy_mean_excess_vs_restricted_random,t_statistic,p_value,significant_outperformance,equal_weight_t_statistic,equal_weight_p_value,equal_weight_significant_outperformance,restricted_random_t_statistic,restricted_random_p_value,restricted_random_significant_outperformance
train,2,-0.02901071310043335,-0.015793204307556152,-0.015187382698059082,0.29532068967819214,0.3243314027786255,0.3111138939857483,0.3105080723762512,2.6485994209603025,0.11491351203488373,False,2.3139312659842295,0.12984615983235986,False,2.200038853074144,0.13579763111971555,False
validation,1,0.013654470443725586,0.02131187915802002,0.017244577407836914,0.3257253170013428,0.3120708465576172,0.30441343784332275,0.30848073959350586,,,False,,,False,,,False
all,3,-0.014788985252380371,-0.0034248430747538805,-0.0043767294846475124,0.3054555654525757,0.32024455070495605,0.30888040860493976,0.30983229478200275,4.522152948418976,0.022791289455040477,True,3.977428195528351,0.028893285611141614,True,3.8021551289450355,0.0313672505547976,True
