Split,samples,benchmark_mean_raw_return,equal_weight_mean_raw_return,restricted_random_mean_raw_return,markowitz_mean_raw_return,policy_mean_raw_return,policy_mean_excess_return,policy_mean_excess_vs_equal_weight,policy_mean_excess_vs_restricted_random,policy_mean_excess_vs_markowitz,t_statistic,p_value,significant_outperformance,equal_weight_t_statistic,equal_weight_p_value,equal_weight_significant_outperformance,restricted_random_t_statistic,restricted_random_p_value,restricted_random_significant_outperformance,markowitz_t_statistic,markowitz_p_value,markowitz_significant_outperformance
train,1132,0.0003659518843051046,0.0007049430860206485,0.0006872547673992813,0.0011662788456305861,0.00031567882979288697,-5.027304359828122e-05,-0.00038926424491531855,-0.00037157593472686337,-0.0008505999831344551,-0.3580916439444664,0.6398292235535246,False,-3.6347160578790767,0.9998546043052583,False,-3.16799661567697,0.9992119771806816,False,-4.6391743935794345,0.9999980468856267,False
validation,284,0.0024871439673006535,0.0019568020943552256,0.0021667294204235077,0.00032332749105989933,0.0022212553303688765,-0.00026588875334709883,0.00026445321633782184,5.4525867314405845e-05,0.001897927740929832,-1.5731361372405026,0.9415977118243619,False,3.6148242550831973,0.00017783377474806346,True,0.4274159291843533,0.3347007172340476,False,7.768363660802449,7.357579757620875e-14,True
all,1416,0.0007913887384347618,0.0009560221224091947,0.0009839856065809727,0.0009972123662009835,0.0006978707388043404,-9.351800690637901e-05,-0.00025815142076567743,-0.0002861148388372303,-0.00029934159779952744,-0.7976575395662626,0.7873984579196217,False,-2.9627618440853998,0.9984500809211486,False,-2.9410670253274844,0.9983379962399577,False,-1.9034492871534834,0.9714076593569085,False
