Split,samples,benchmark_mean_raw_return,equal_weight_mean_raw_return,restricted_random_mean_raw_return,policy_mean_raw_return,policy_mean_excess_return,policy_mean_excess_vs_equal_weight,policy_mean_excess_vs_restricted_random,t_statistic,p_value,significant_outperformance,equal_weight_t_statistic,equal_weight_p_value,equal_weight_significant_outperformance,restricted_random_t_statistic,restricted_random_p_value,restricted_random_significant_outperformance
train,668,0.005462522152811289,0.004893822595477104,0.005010571796447039,0.003975079394876957,-0.0014874425251036882,-0.0009187431392555465,-0.0010354924880102009,-0.970742452264188,0.8339857857823028,False,-0.6726202788025555,0.7492890786295388,False,-0.7559367468070753,0.7750229984726419,False
validation,168,0.005682959221303463,0.007243309635668993,0.007549504283815622,0.016743650659918785,0.011060692369937897,0.009500342465582349,0.009194147373948778,3.0416069168496955,0.001366687917319784,True,3.051774551643636,0.0013236212691090014,True,2.9519702442491442,0.0018061501634418174,True
all,836,0.005506820045411587,0.005365968216210604,0.00552078802138567,0.006541012786328793,0.0010341921588405967,0.0011750442559639233,0.0010202244708412572,0.7204943937630405,0.23571114809023247,False,0.9285979611476939,0.176682914409648,False,0.8046340194340611,0.21062996979850407,False
