Split,samples,benchmark_mean_raw_return,policy_mean_raw_return,policy_mean_excess_return,t_statistic,p_value,significant_outperformance
train,204,0.0031942236237227917,-0.001185259665362537,-0.004379482939839363,-1.6117513966526418,0.9457151523240932,False
validation,52,0.0029680030420422554,-0.0003496374120004475,-0.003317640395835042,-0.5255802240050474,0.699271127322098,False
all,256,0.0031482726335525513,0.004601304419338703,0.0014530320186167955,2.550715636531779,0.005667655992634551,True
