Split,samples,benchmark_mean_raw_return,equal_weight_mean_raw_return,restricted_random_mean_raw_return,policy_mean_raw_return,policy_mean_excess_return,policy_mean_excess_vs_equal_weight,policy_mean_excess_vs_restricted_random,t_statistic,p_value,significant_outperformance,equal_weight_t_statistic,equal_weight_p_value,equal_weight_significant_outperformance,restricted_random_t_statistic,restricted_random_p_value,restricted_random_significant_outperformance
train,501,0.005462522152811289,0.004893822595477104,0.0046898010186851025,0.013145779259502888,0.007683256175369024,0.0082519557661639,0.008455977706376188,9.447735554805469,6.639415588170661e-20,True,12.668596967865096,2.1436194503324003e-32,True,12.620323759635797,3.413848087752059e-32,True
validation,126,0.005682959221303463,0.007243309635668993,0.007359950803220272,0.007953102700412273,0.002270143711939454,0.0007097933973584856,0.0005931523111131457,2.582686558516696,0.005477632774467883,True,1.64350774723802,0.05139546158535595,False,0.9525662679268935,0.17132410763452235,False
all,627,0.005506820511072874,0.005365967750549316,0.0052263857796788216,0.012102274224162102,0.00659545324742794,0.006736305912145587,0.006875888392495577,9.71807668624132,3.456663439606171e-21,True,12.447789548096887,3.076482694812377e-32,True,12.194365394464992,3.859311786798904e-31,True
