Split,samples,demo_mean_training_reward,policy_mean_excess_return,policy_mean_training_reward,demo_mean_raw_return,demo_mean_excess_return,demo_mean_excess_vs_equal_weight,demo_mean_excess_vs_restricted_random,policy_mean_raw_return,policy_mean_excess_vs_equal_weight,policy_mean_excess_vs_restricted_random,mean_abs_weight_error
train,501.0,0.025152727961540222,0.007683256175369024,0.008554662577807903,0.029743842780590057,0.024281321093440056,0.024850020185112953,0.025054043158888817,0.013145779259502888,0.008251955732703209,0.008455977775156498,0.1513449102640152
validation,126.0,0.031912364065647125,0.002270143711939454,0.0020349363330751657,0.03783053532242775,0.03214757516980171,0.03058721497654915,0.030470577999949455,0.007953102700412273,0.0007097934139892459,0.0005931523046456277,0.1794508844614029
all,627.0,0.026511123403906822,0.00659545324742794,0.007244477979838848,0.0313689187169075,0.02586209960281849,0.026002950966358185,0.026142533868551254,0.012102274224162102,0.006736306007951498,0.00687588844448328,0.15699300169944763
