Split,benchmark_component,equal_weight_component,restricted_random_component,raw_return_component,significance_component,significance_bonus,weight_error_penalty,composite_score
train,19.37864315493229,13.557756355697277,10.331439614645918,8.654291832873193,14.986680200437911,10.0,9.080694615840912,67.82811654274568
validation,6.6958005292214935,1.417207598250572,0.888686490146027,6.614067815925654,7.789905742937476,3.333333333333333,10.767053067684174,15.97194844213038
all,17.34182247052762,11.74726017322042,8.946461925038665,8.367476954156519,14.985518632787718,10.0,9.419580101966858,61.96896005376408
