Split,samples,benchmark_mean_raw_return,policy_mean_raw_return,policy_mean_excess_return,t_statistic,p_value,significant_outperformance
train,204,0.004890725947916508,0.0013659110991284251,-0.0035248147323727608,-1.4386988658141626,0.9241120690059026,False
validation,52,0.0047249142080545425,0.005285510793328285,0.0005605965852737427,0.12935125661234764,0.4487942592000462,False
all,256,0.0048570455983281136,0.004051018971949816,-0.0008060263935476542,-0.5282302338766612,0.7011005313024381,False
