Split,samples,benchmark_mean_raw_return,equal_weight_mean_raw_return,restricted_random_mean_raw_return,policy_mean_raw_return,policy_mean_excess_return,policy_mean_excess_vs_equal_weight,policy_mean_excess_vs_restricted_random,t_statistic,p_value,significant_outperformance,equal_weight_t_statistic,equal_weight_p_value,equal_weight_significant_outperformance,restricted_random_t_statistic,restricted_random_p_value,restricted_random_significant_outperformance
train,360,0.013024505227804184,0.012162961065769196,0.012244642712175846,0.025852760300040245,0.012828255072236061,0.013689798613389334,0.013608116077052222,6.704290956419113,3.934286442083385e-11,True,8.585901887501494,1.3880900119447675e-16,True,8.565826364470942,1.6043264545518245e-16,True
validation,90,0.009761350229382515,0.013781613670289516,0.014767925255000591,0.03119915910065174,0.021437807008624077,0.01741754346423679,0.016431231631173028,5.082302185957722,1.0215096261420007e-06,True,5.225792611432234,5.666881684745497e-07,True,5.032750539514746,1.249715484114197e-06,True
all,450,0.01237187534570694,0.012486690655350685,0.01274929940700531,0.026922037824988365,0.014550163410604,0.014435346259011163,0.014172737863328722,8.299253176331765,6.19250583341177e-16,True,10.029634472586075,8.49256214262787e-22,True,9.923494144799665,2.0378229194881025e-21,True
