Split,samples,benchmark_mean_raw_return,equal_weight_mean_raw_return,restricted_random_mean_raw_return,policy_mean_raw_return,policy_mean_excess_return,policy_mean_excess_vs_equal_weight,policy_mean_excess_vs_restricted_random,t_statistic,p_value,significant_outperformance,equal_weight_t_statistic,equal_weight_p_value,equal_weight_significant_outperformance,restricted_random_t_statistic,restricted_random_p_value,restricted_random_significant_outperformance
train,1440,0.0015687389532104135,0.0014512953348457813,0.001490498543716967,0.0018335060449317098,0.0002647670917212963,0.0003822109351555506,0.00034300763573911455,1.9932922493676952,0.02320899505794256,True,5.147341925263809,1.5036164767539066e-07,True,3.5532963617194233,0.00019636353848543904,True
validation,360,0.0017314078286290169,0.0021964209154248238,0.002220108872279525,0.002230523619800806,0.000499115907587111,3.4102797508239745e-05,1.0414918263753254e-05,2.1160234085551703,0.017515376424934365,True,1.4994655702273025,0.06731587370300474,False,0.06923829436075735,0.4724192454866294,False
all,1800,0.001601272844709456,0.001600320334546268,0.0016364206094294786,0.001912909559905529,0.00031163686071522534,0.00031258930762608845,0.0002764890922440423,2.6805835330138,0.00370824277368999,True,5.239247548310521,9.00911032837984e-08,True,3.334369887378282,0.00043614736702068447,True
