Split,samples,benchmark_mean_raw_return,equal_weight_mean_raw_return,restricted_random_mean_raw_return,policy_mean_raw_return,policy_mean_excess_return,policy_mean_excess_vs_equal_weight,policy_mean_excess_vs_restricted_random,t_statistic,p_value,significant_outperformance,equal_weight_t_statistic,equal_weight_p_value,equal_weight_significant_outperformance,restricted_random_t_statistic,restricted_random_p_value,restricted_random_significant_outperformance
train,268,0.013365117833018303,0.012232747860252857,0.012272380292415619,0.01286984607577324,-0.0004952710005454719,0.0006370989244375656,0.000597466061364359,-0.15672451146088273,0.5622097951903573,False,0.23083061504560243,0.40881158629486125,False,0.2177956713187994,0.41387733571333474,False
validation,68,0.006827694363892078,0.01227791141718626,0.013233079575002193,0.02472558431327343,0.017897889018058777,0.012447672731736126,0.011492504793054917,2.984006760186985,0.0019835668462013924,True,2.514548097180178,0.0071628827730925585,True,2.349322966199433,0.010881872660985713,True
all,336,0.01204206794500351,0.012241888791322708,0.01246680784970522,0.015269222669303417,0.003227154491469264,0.003027334099724179,0.0028024143761112576,1.1432817207613086,0.12686899493963377,False,1.2461434145298398,0.10679123871361282,False,1.162659171360757,0.12289768818318572,False
