Split,samples,demo_mean_training_reward,policy_mean_excess_return,policy_mean_training_reward,demo_mean_raw_return,demo_mean_excess_return,demo_mean_excess_vs_equal_weight,demo_mean_excess_vs_restricted_random,policy_mean_raw_return,policy_mean_excess_vs_equal_weight,policy_mean_excess_vs_restricted_random,mean_abs_weight_error
train,268.0,0.026398463174700737,-0.0004952710005454719,0.0013994993641972542,0.03786880895495415,0.024503692984580994,0.025636062026023865,0.025596430525183678,0.01286984607577324,0.0006370989140123129,0.0005974660743959248,0.14237457513809204
validation,68.0,0.03416552394628525,0.017897889018058777,0.015664516016840935,0.04322659596800804,0.03639889508485794,0.030948681756854057,0.029993517324328423,0.02472558431327343,0.01244767289608717,0.011492504738271236,0.13718324899673462
all,336.0,0.027970368042588234,0.003227154491469264,0.004286467097699642,0.03895312175154686,0.02691105380654335,0.02671123668551445,0.026486316695809364,0.015269222669303417,0.0030273341108113527,0.0028024143539369106,0.14132395386695862
