Split,benchmark_component,equal_weight_component,restricted_random_component,raw_return_component,significance_component,significance_bonus,weight_error_penalty,composite_score
train,-1.4845993255512047,1.2724766746646756,0.8951342380484625,8.583347533393658,0.48633244026962946,0.0,8.542474508285522,1.210217052539699
validation,28.3721484746376,16.936195535582183,12.262584387257169,9.858644524428007,10.535729653821592,10.0,8.230994939804077,79.73430763592248
all,9.35880531910566,5.8762412094361505,4.096927827814865,9.098964322278558,5.630765703616284,0.0,8.479437232017517,25.582267150234003
